"","yearbuilt","finsqft","cooling","bedroom","fullbath","halfbath","lotsize","totalvalue","esdistrict","msdistrict","hsdistrict","censustract","age","condition","fp"
"1",1754,1254,"No Central Air",1,1,0,4.933,124300,"Brownsville","Henley","Western Albemarle",111,265,"Substandard",0
"2",1968,1192,"No Central Air",3,1,0,1.087,109200,"Scottsville","Walton","Monticello",113.01,51,"Substandard",0
"3",1754,881,"No Central Air",2,1,0,195.93,141600,"Stony Point","Sutherland","Albemarle",104.01,265,"Substandard",0
"4",1934,480,"No Central Air",0,0,0,10,69200,"Crozet","Henley","Western Albemarle",101,85,"Substandard",0
"5",1963,720,"No Central Air",2,1,0,1,139700,"Meriwether Lewis","Henley","Western Albemarle",102.02,56,"Substandard",0
"6",1754,990,"No Central Air",3,1,0,1.07,67400,"Brownsville","Henley","Western Albemarle",112.01,265,"Substandard",0
"7",1932,792,"No Central Air",2,1,0,4.017,237500,"Meriwether Lewis","Henley","Western Albemarle",101,87,"Substandard",0
"8",1960,1232,"No Central Air",3,1,0,0.95,197500,"Red Hill","Walton","Monticello",112.02,59,"Substandard",1
"9",1950,576,"No Central Air",2,1,0,0.75,82000,"Crozet","Henley","Western Albemarle",111,69,"Substandard",0
"10",1754,863,"No Central Air",0,0,0,13.525,165400,"Broadus Wood","Jouett","Albemarle",101,265,"Substandard",0
"11",1948,1184,"No Central Air",2,1,0,0.91,142200,"Crozet","Henley","Western Albemarle",111,71,"Substandard",0
"12",1754,896,"No Central Air",1,0,0,0.27,9600,"Stone-Robinson","Burley","Monticello",104.01,265,"Substandard",0
"13",1910,676,"No Central Air",2,0,0,1.5,102600,"Broadus Wood","Jouett","Albemarle",102.02,109,"Substandard",0
"14",1912,1483,"No Central Air",3,0,0,3.003,75800,"Brownsville","Henley","Western Albemarle",112.01,107,"Substandard",0
"15",1754,1226,"No Central Air",3,1,1,3.74,78800,"Stone-Robinson","Burley","Monticello",104.02,265,"Substandard",0
"16",1962,1688,"Central Air",3,2,0,0.7964,301400,"Woodbrook","Jouett","Albemarle",106.01,57,"Poor",1
"17",1920,2150,"No Central Air",4,1,0,5,83300,"Red Hill","Walton","Monticello",114,99,"Poor",0
"18",1968,2142,"Central Air",4,2,1,0.3337,271800,"Woodbrook","Jouett","Albemarle",106.01,51,"Poor",1
"19",1976,960,"No Central Air",3,1,0,2,100900,"Scottsville","Walton","Monticello",113.01,43,"Poor",0
"20",1998,1344,"No Central Air",3,2,0,4.026,138400,"Crozet","Henley","Western Albemarle",101,21,"Poor",0
"21",1962,720,"Central Air",3,1,0,0.5,61600,"Brownsville","Henley","Western Albemarle",112.01,57,"Poor",0
"22",1977,2742,"Central Air",5,2,0,2.462,324300,"Meriwether Lewis","Henley","Western Albemarle",101,42,"Poor",1
"23",1890,2608,"No Central Air",3,2,0,147.564,1147100,"Crozet","Henley","Western Albemarle",101,129,"Poor",1
"24",1952,144,"No Central Air",1,0,0,43.836,228800,"Brownsville","Henley","Western Albemarle",112.01,67,"Poor",0
"25",1950,712,"No Central Air",3,1,0,0.41,126500,"Brownsville","Henley","Western Albemarle",111,69,"Poor",0
"26",1948,1056,"Central Air",3,1,0,1.77,109100,"Crozet","Henley","Western Albemarle",101,71,"Poor",0
"27",1940,936,"No Central Air",3,1,0,2,66800,"Stone-Robinson","Burley","Monticello",104.01,79,"Poor",0
"28",1930,1496,"No Central Air",3,1,1,2.187,134500,"Broadus Wood","Jouett","Albemarle",101,89,"Poor",0
"29",1968,672,"No Central Air",2,1,0,1.5,99600,"Stone-Robinson","Burley","Monticello",104.02,51,"Poor",0
"30",1754,768,"No Central Air",2,1,0,2.25,104700,"Stone-Robinson","Burley","Monticello",104.01,265,"Poor",0
"31",1972,1008,"No Central Air",3,1,1,3.01,110200,"Baker-Butler","Sutherland","Albemarle",102.01,47,"Poor",0
"32",1972,960,"No Central Air",3,1,0,1.89,105700,"Scottsville","Walton","Monticello",114,47,"Poor",0
"33",1952,528,"No Central Air",2,0,0,3.62,54800,"Scottsville","Walton","Monticello",113.01,67,"Poor",0
"34",1985,948,"Central Air",2,2,0,0,157400,"Woodbrook","Jouett","Albemarle",106.01,34,"Poor",0
"35",1962,864,"No Central Air",3,1,0,0.62,48300,"Crozet","Henley","Western Albemarle",101,57,"Poor",0
"36",1977,2212,"Central Air",4,3,0,2,212400,"Murray","Henley","Western Albemarle",110,42,"Poor",1
"37",1945,1110,"No Central Air",3,2,0,3.25,75100,"Crozet","Henley","Western Albemarle",101,74,"Poor",0
"38",1959,1131,"No Central Air",2,1,0,0.79,99800,"Broadus Wood","Jouett","Albemarle",101,60,"Poor",0
"39",1973,1296,"No Central Air",4,1,0,1.28,89100,"Stone-Robinson","Burley","Monticello",104.01,46,"Poor",0
"40",1900,2152,"No Central Air",0,0,0,0.5,16400,"Brownsville","Henley","Western Albemarle",112.01,119,"Poor",1
"41",2002,2273,"Central Air",4,2,1,0.215,381800,"Cale","Walton","Monticello",113.03,17,"Poor",1
"42",1900,1104,"No Central Air",3,1,0,1.52,92900,"Brownsville","Henley","Western Albemarle",112.01,119,"Poor",0
"43",1975,1088,"Central Air",3,1,0,2.58,175300,"Stone-Robinson","Burley","Monticello",104.02,44,"Poor",0
"44",1972,960,"No Central Air",3,1,0,2.03,110700,"Scottsville","Walton","Monticello",114,47,"Poor",0
"45",1962,1032,"No Central Air",3,1,0,1.5,92800,"Brownsville","Henley","Western Albemarle",112.01,57,"Poor",0
"46",1950,824,"No Central Air",2,1,0,120,716400,"Crozet","Henley","Western Albemarle",101,69,"Poor",0
"47",1754,1150,"No Central Air",1,0,0,44.263,208100,"Brownsville","Henley","Western Albemarle",112.01,265,"Poor",0
"48",1754,1037,"No Central Air",4,1,0,5,112200,"Scottsville","Walton","Monticello",113.01,265,"Fair",0
"49",1973,816,"Central Air",2,1,1,1.015,140400,"Stone-Robinson","Walton","Monticello",113.01,46,"Fair",1
"50",1964,1540,"No Central Air",4,2,0,0.374,127100,"Broadus Wood","Jouett","Albemarle",101,55,"Fair",0
"51",1990,1200,"Central Air",3,2,0,10,273300,"Stone-Robinson","Burley","Monticello",104.02,29,"Fair",0
"52",1951,1120,"Central Air",2,1,0,1.7,73100,"Red Hill","Walton","Monticello",114,68,"Fair",0
"53",1977,1056,"No Central Air",5,2,0,0.2079,179700,"Baker-Butler","Sutherland","Albemarle",102.01,42,"Fair",0
"54",1980,1224,"Central Air",3,1,1,0.165,167400,"Woodbrook","Jouett","Albemarle",107,39,"Fair",1
"55",1981,1008,"Central Air",3,2,0,0.11,116300,"Murray","Henley","Western Albemarle",110,38,"Fair",0
"56",1754,743,"No Central Air",1,1,0,0.46,112300,"Crozet","Henley","Western Albemarle",111,265,"Fair",1
"57",1950,1040,"No Central Air",2,1,0,20.019,290000,"Stony Point","Sutherland","Albemarle",104.01,69,"Fair",0
"58",1944,1708,"Central Air",3,2,0,0.763,202700,"Murray","Henley","Western Albemarle",110,75,"Fair",0
"59",1955,1276,"No Central Air",3,2,0,1,94500,"Red Hill","Walton","Monticello",112.02,64,"Fair",0
"60",1796,4242,"Central Air",4,3,1,2.1,852600,"Crozet","Henley","Western Albemarle",101,223,"Fair",1
"61",1754,1999,"Central Air",5,2,0,4.13,153100,"Brownsville","Henley","Western Albemarle",112.01,265,"Fair",0
"62",1890,1590,"No Central Air",4,1,1,0.661,90700,"Red Hill","Walton","Monticello",112.02,129,"Fair",0
"63",1940,962,"No Central Air",3,1,0,0.16,73800,"Red Hill","Walton","Monticello",112.02,79,"Fair",0
"64",1956,3382,"Central Air",4,4,0,1.96,870100,"Murray","Henley","Western Albemarle",110,63,"Fair",1
"65",1981,1008,"Central Air",3,2,0,0.196,117300,"Murray","Henley","Western Albemarle",110,38,"Fair",0
"66",1966,1680,"Central Air",3,3,0,1.69,326300,"Crozet","Henley","Western Albemarle",111,53,"Fair",1
"67",1825,3422,"No Central Air",4,2,0,145.81,613300,"Red Hill","Walton","Monticello",112.02,194,"Fair",1
"68",1965,864,"No Central Air",3,1,0,0.513,66600,"Cale","Walton","Monticello",113.03,54,"Fair",0
"69",1975,960,"No Central Air",3,1,0,2,134700,"Stone-Robinson","Walton","Monticello",113.01,44,"Fair",0
"70",1965,2529,"Central Air",3,3,0,12,428300,"Stone-Robinson","Burley","Monticello",104.01,54,"Fair",1
"71",1960,1219,"Central Air",3,1,1,1.418,136000,"Red Hill","Walton","Monticello",112.02,59,"Fair",1
"72",1930,1603,"No Central Air",5,1,0,2.274,70900,"Scottsville","Walton","Monticello",114,89,"Fair",1
"73",1985,2464,"Central Air",4,2,2,1.644,456500,"Meriwether Lewis","Henley","Western Albemarle",110,34,"Fair",1
"74",1986,1266,"Central Air",3,2,0,3.233,226700,"Baker-Butler","Sutherland","Albemarle",102.01,33,"Fair",1
"75",1975,960,"No Central Air",3,1,0,0,132500,"Brownsville","Henley","Western Albemarle",112.01,44,"Fair",0
"76",1977,1536,"Central Air",3,1,0,2,149300,"Brownsville","Henley","Western Albemarle",112.01,42,"Fair",1
"77",1754,1064,"No Central Air",2,1,0,6,138700,"Baker-Butler","Sutherland","Albemarle",102.01,265,"Fair",0
"78",1940,1585,"No Central Air",3,1,0,2.09,176800,"Red Hill","Walton","Monticello",114,79,"Fair",1
"79",1963,1456,"Central Air",3,2,0,1.506,172600,"Stony Point","Sutherland","Albemarle",104.01,56,"Fair",0
"80",1959,862,"No Central Air",2,1,0,1.5,66200,"Red Hill","Walton","Monticello",112.01,60,"Fair",0
"81",1978,1233,"No Central Air",3,1,1,1.467,207600,"Brownsville","Henley","Western Albemarle",112.01,41,"Fair",1
"82",1754,736,"No Central Air",2,1,0,2.278,142300,"Brownsville","Henley","Western Albemarle",111,265,"Fair",0
"83",1957,1637,"Central Air",4,1,0,0.61,187400,"Crozet","Henley","Western Albemarle",111,62,"Fair",0
"84",1936,5218,"Central Air",5,5,0,2.3,3206100,"Murray","Henley","Western Albemarle",110,83,"Fair",1
"85",1900,2471,"No Central Air",4,2,0,2,157100,"Red Hill","Walton","Monticello",112.02,119,"Fair",0
"86",1972,912,"No Central Air",3,1,0,2.3,93700,"Red Hill","Walton","Monticello",114,47,"Fair",0
"87",1986,1692,"Central Air",3,2,0,0.248,226200,"Woodbrook","Jouett","Albemarle",107,33,"Fair",1
"88",1976,1056,"Central Air",3,2,1,0.998,172200,"Stone-Robinson","Burley","Monticello",104.02,43,"Fair",0
"89",1948,1000,"No Central Air",4,2,0,1,162100,"Cale","Walton","Monticello",113.01,71,"Fair",0
"90",1920,899,"No Central Air",2,1,0,15.02,245200,"Broadus Wood","Jouett","Albemarle",101,99,"Fair",0
"91",1930,1336,"No Central Air",4,1,0,3.067,209100,"Murray","Henley","Western Albemarle",110,89,"Fair",0
"92",1973,1119,"Central Air",4,2,0,2.25,241700,"Baker-Butler","Sutherland","Albemarle",103,46,"Fair",1
"93",1952,640,"Central Air",1,1,0,0.51,79800,"Crozet","Henley","Western Albemarle",111,67,"Fair",0
"94",1967,2166,"Central Air",3,2,0,0,336700,"Broadus Wood","Jouett","Albemarle",102.02,52,"Fair",1
"95",1920,1320,"No Central Air",2,1,0,2,156600,"Stony Point","Sutherland","Albemarle",104.01,99,"Fair",1
"96",1875,2085,"No Central Air",4,2,0,7.44,224800,"Broadus Wood","Jouett","Albemarle",102.01,144,"Fair",1
"97",1992,3203,"Central Air",4,4,0,9.78,683900,"Crozet","Henley","Western Albemarle",111,27,"Fair",1
"98",1970,2510,"Central Air",4,2,1,4.44,558300,"Meriwether Lewis","Henley","Western Albemarle",102.02,49,"Fair",1
"99",1975,1387,"Central Air",2,2,0,2.03,222500,"Brownsville","Henley","Western Albemarle",112.01,44,"Fair",1
"100",1930,1837,"No Central Air",3,2,0,23,115300,"Red Hill","Walton","Monticello",112.01,89,"Fair",1
"101",1930,1176,"No Central Air",2,1,0,5.35,224500,"Meriwether Lewis","Henley","Western Albemarle",102.02,89,"Fair",0
"102",1974,960,"No Central Air",3,1,0,2.33,121500,"Scottsville","Walton","Monticello",114,45,"Fair",0
"103",1990,1319,"Central Air",2,2,0,0,193200,"Woodbrook","Jouett","Albemarle",106.01,29,"Fair",0
"104",1754,1080,"No Central Air",2,1,0,0.77,118400,"Brownsville","Henley","Western Albemarle",112.01,265,"Fair",0
"105",1971,1917,"Central Air",3,2,0,0,292200,"Baker-Butler","Sutherland","Albemarle",103,48,"Fair",1
"106",1973,1428,"Central Air",3,1,1,0,153000,"Agnor-Hurt","Burley","Albemarle",107,46,"Fair",0
"107",1971,1215,"No Central Air",3,2,0,0.54,177300,"Baker-Butler","Sutherland","Albemarle",103,48,"Fair",1
"108",1979,1619,"Central Air",2,2,0,13.018,199100,"Crozet","Henley","Western Albemarle",101,40,"Fair",1
"109",1985,1674,"Central Air",3,2,0,5.79,260900,"Broadus Wood","Jouett","Albemarle",102.01,34,"Fair",1
"110",1947,1745,"Central Air",3,3,0,2.024,271400,"Crozet","Henley","Western Albemarle",111,72,"Fair",1
"111",1976,2185,"Central Air",4,2,0,2.47,341000,"Broadus Wood","Jouett","Albemarle",102.02,43,"Fair",1
"112",1967,1254,"Central Air",4,3,0,0.6137,273000,"Woodbrook","Jouett","Albemarle",106.01,52,"Fair",1
"113",2002,2492,"Central Air",3,2,1,6.009,251500,"Scottsville","Walton","Monticello",114,17,"Fair",0
"114",1950,1428,"Central Air",3,1,0,6.74,266600,"Stone-Robinson","Burley","Monticello",104.01,69,"Fair",0
"115",1938,1132,"No Central Air",3,1,0,25.75,159600,"Stony Point","Sutherland","Albemarle",104.01,81,"Fair",0
"116",1965,900,"No Central Air",2,1,0,2.57,135800,"Baker-Butler","Sutherland","Albemarle",102.01,54,"Fair",0
"117",1932,1296,"Central Air",3,1,0,6,175100,"Red Hill","Walton","Monticello",112.02,87,"Fair",0
"118",1946,2090,"No Central Air",4,3,1,8.41,287400,"Meriwether Lewis","Henley","Western Albemarle",102.02,73,"Fair",1
"119",1995,2083,"Central Air",3,2,0,3.47,262100,"Broadus Wood","Jouett","Albemarle",102.01,24,"Fair",1
"120",1981,1728,"Central Air",4,2,0,5.2,168000,"Stone-Robinson","Walton","Monticello",113.01,38,"Fair",0
"121",1977,2139,"Central Air",3,1,1,23.01,323800,"Red Hill","Walton","Monticello",112.02,42,"Fair",1
"122",1959,1288,"Central Air",3,2,0,2,159700,"Scottsville","Walton","Monticello",114,60,"Fair",1
"123",1976,960,"Central Air",3,1,0,2,135200,"Scottsville","Walton","Monticello",113.01,43,"Fair",0
"124",1978,960,"Central Air",3,2,0,2.005,124200,"Broadus Wood","Jouett","Albemarle",101,41,"Fair",0
"125",1973,1032,"Central Air",3,1,1,3.01,165000,"Stony Point","Sutherland","Albemarle",104.01,46,"Fair",1
"126",1966,2667,"No Central Air",3,2,1,0.665,206500,"Baker-Butler","Sutherland","Albemarle",103,53,"Fair",1
"127",1978,1411,"No Central Air",4,1,0,1,108900,"Baker-Butler","Sutherland","Albemarle",103,41,"Fair",1
"128",1980,1200,"Central Air",3,2,1,0.122,166000,"Cale","Burley","Monticello",113.03,39,"Fair",0
"129",1970,1407,"Central Air",5,2,0,0.309,315600,"Greer","Jouett","Albemarle",108,49,"Fair",1
"130",1969,1968,"Central Air",4,2,1,0.5627,306900,"Woodbrook","Jouett","Albemarle",106.01,50,"Fair",1
"131",1961,1483,"No Central Air",3,1,0,3.758,179700,"Stone-Robinson","Burley","Monticello",104.02,58,"Fair",1
"132",1980,1151,"No Central Air",4,1,1,2.124,186800,"Stone-Robinson","Burley","Monticello",104.01,39,"Fair",0
"133",1968,1444,"No Central Air",4,2,0,3.632,127500,"Scottsville","Walton","Monticello",114,51,"Fair",1
"134",1978,2201,"Central Air",2,2,1,5.36,547700,"Murray","Henley","Western Albemarle",110,41,"Fair",1
"135",1953,1554,"No Central Air",4,1,0,2,248400,"Meriwether Lewis","Henley","Western Albemarle",110,66,"Fair",0
"136",1986,1066,"Central Air",2,2,1,0,516700,"Murray","Henley","Western Albemarle",110,33,"Fair",1
"137",1920,1240,"No Central Air",3,1,0,1.277,69000,"Red Hill","Walton","Monticello",114,99,"Fair",0
"138",1977,1243,"Central Air",3,2,0,0.2334,260100,"Agnor-Hurt","Burley","Albemarle",106.02,42,"Fair",1
"139",1974,960,"No Central Air",3,1,0,0,155000,"Brownsville","Henley","Western Albemarle",112.01,45,"Fair",0
"140",1971,1008,"Central Air",3,1,1,2.94,113900,"Red Hill","Walton","Monticello",113.01,48,"Fair",0
"141",1940,1504,"No Central Air",2,1,0,2.952,219200,"Stony Point","Burley","Monticello",105,79,"Fair",0
"142",1967,2760,"Central Air",4,3,0,0,485300,"Greer","Jouett","Albemarle",108,52,"Fair",1
"143",2009,1344,"Central Air",3,2,0,3.28,244800,"Baker-Butler","Sutherland","Albemarle",103,10,"Fair",0
"144",1963,1258,"No Central Air",3,1,1,3.01,274500,"Baker-Butler","Sutherland","Albemarle",103,56,"Fair",1
"145",1966,1120,"Central Air",3,1,0,2.48,188400,"Baker-Butler","Sutherland","Albemarle",104.01,53,"Fair",0
"146",1940,900,"Central Air",2,1,0,0.36,80600,"Red Hill","Walton","Monticello",112.02,79,"Fair",0
"147",1900,3066,"Central Air",5,2,0,4.94,269700,"Crozet","Henley","Western Albemarle",101,119,"Fair",1
"148",1968,1848,"Central Air",3,2,0,10,358500,"Baker-Butler","Sutherland","Albemarle",102.01,51,"Fair",1
"149",1972,1200,"No Central Air",3,3,0,4.01,168500,"Red Hill","Walton","Monticello",113.01,47,"Fair",0
"150",1930,812,"No Central Air",3,1,0,1.35,108600,"Scottsville","Walton","Monticello",114,89,"Fair",0
"151",1971,1056,"No Central Air",3,1,1,4,193500,"Baker-Butler","Sutherland","Albemarle",103,48,"Fair",1
"152",1899,2446,"No Central Air",5,1,0,2,163300,"Red Hill","Walton","Monticello",114,120,"Fair",0
"153",2005,1720,"Central Air",3,3,0,2,271900,"Brownsville","Henley","Western Albemarle",111,14,"Fair",1
"154",1962,1008,"No Central Air",3,1,0,2.152,90100,"Brownsville","Henley","Western Albemarle",112.01,57,"Fair",0
"155",1952,864,"No Central Air",2,1,0,1,152000,"Meriwether Lewis","Henley","Western Albemarle",102.02,67,"Fair",1
"156",1900,1488,"No Central Air",3,1,1,4.75,98300,"Stone-Robinson","Burley","Monticello",104.01,119,"Fair",0
"157",1974,1960,"Central Air",3,2,0,9.049,295700,"Baker-Butler","Sutherland","Albemarle",102.01,45,"Fair",1
"158",1988,2790,"Central Air",4,3,2,2.83,619600,"Meriwether Lewis","Henley","Western Albemarle",110,31,"Fair",1
"159",1975,1008,"No Central Air",3,1,0,1.0758,183500,"Stone-Robinson","Burley","Monticello",104.02,44,"Fair",1
"160",1972,960,"No Central Air",5,1,0,0.84,95600,"Red Hill","Walton","Monticello",112.02,47,"Fair",0
"161",1961,1230,"No Central Air",3,1,1,41.65,774400,"Stony Point","Sutherland","Albemarle",104.01,58,"Fair",0
"162",1975,2196,"Central Air",4,2,2,0.387,311600,"Woodbrook","Jouett","Albemarle",106.01,44,"Fair",1
"163",1932,1578,"No Central Air",3,1,0,2.003,149300,"Red Hill","Walton","Monticello",112.02,87,"Fair",0
"164",1800,1648,"Central Air",3,1,0,0.242,124800,"Scottsville","Walton","Monticello",114,219,"Fair",1
"165",1754,1344,"Central Air",3,1,0,1,57500,"Scottsville","Walton","Monticello",114,265,"Fair",0
"166",1975,2050,"No Central Air",4,2,1,2.06,185700,"Stone-Robinson","Burley","Monticello",104.01,44,"Fair",1
"167",1754,680,"No Central Air",2,1,0,0.16,54700,"Cale","Walton","Monticello",104.02,265,"Fair",0
"168",1950,2267,"Central Air",5,2,0,0.59,250500,"Cale","Walton","Monticello",113.01,69,"Fair",0
"169",1989,2236,"Central Air",4,2,1,0.282,366600,"Baker-Butler","Sutherland","Albemarle",103,30,"Fair",1
"170",1957,1008,"No Central Air",2,1,0,2.611,272000,"Cale","Burley","Monticello",113.02,62,"Fair",1
"171",1985,1032,"No Central Air",1,1,0,3.589,132800,"Stone-Robinson","Walton","Monticello",113.01,34,"Fair",0
"172",1941,1675,"No Central Air",2,1,1,25,320000,"Scottsville","Walton","Monticello",113.01,78,"Fair",1
"173",1958,883,"No Central Air",0,1,0,5.005,106100,"Stony Point","Sutherland","Albemarle",104.01,61,"Fair",1
"174",1754,704,"No Central Air",1,1,0,0.276,198000,"Crozet","Henley","Western Albemarle",111,265,"Fair",0
"175",1943,1273,"No Central Air",2,1,0,8.38,391100,"Meriwether Lewis","Henley","Western Albemarle",110,76,"Fair",0
"176",1920,1086,"No Central Air",3,1,0,3.5,96900,"Red Hill","Walton","Monticello",112.02,99,"Fair",0
"177",1959,3230,"Central Air",3,2,2,3.653,519000,"Stone-Robinson","Burley","Monticello",104.02,60,"Fair",1
"178",1968,1232,"No Central Air",2,1,1,0.795,255700,"Meriwether Lewis","Henley","Western Albemarle",110,51,"Fair",1
"179",1975,1104,"No Central Air",3,1,1,3.145,144600,"Stone-Robinson","Burley","Monticello",104.01,44,"Fair",0
"180",1976,1512,"Central Air",3,2,1,2.752,270200,"Broadus Wood","Jouett","Albemarle",102.02,43,"Fair",1
"181",2010,2146,"Central Air",3,2,1,0.06,348500,"Agnor-Hurt","Burley","Albemarle",106.02,9,"Average",1
"182",1956,1106,"Central Air",3,1,0,0,234000,"Crozet","Henley","Western Albemarle",111,63,"Average",1
"183",1986,1640,"Central Air",3,3,0,21,293800,"Stone-Robinson","Walton","Monticello",113.01,33,"Average",0
"184",1973,1425,"Central Air",3,2,0,9.59,309400,"Broadus Wood","Jouett","Albemarle",101,46,"Average",1
"185",2003,1352,"Central Air",3,2,0,0.437,311000,"Agnor-Hurt","Burley","Albemarle",106.02,16,"Average",1
"186",1999,2478,"Central Air",3,2,1,0.339,430100,"Hollymead","Sutherland","Albemarle",103,20,"Average",1
"187",2008,4601,"Central Air",4,4,1,0.519,1115300,"Brownsville","Henley","Western Albemarle",111,11,"Average",1
"188",2003,1602,"Central Air",3,3,1,0.078,231400,"Baker-Butler","Sutherland","Albemarle",102.01,16,"Average",1
"189",2011,1606,"Central Air",3,3,0,0.058,254000,"Greer","Jouett","Albemarle",108,8,"Average",0
"190",2007,1771,"Central Air",3,2,1,0.099,280200,"Baker-Butler","Sutherland","Albemarle",103,12,"Average",1
"191",2001,4324,"Central Air",4,5,1,5.847,1784900,"Murray","Henley","Western Albemarle",110,18,"Average",1
"192",2002,3045,"Central Air",4,4,1,0.838,578300,"Stone-Robinson","Burley","Monticello",104.02,17,"Average",1
"193",1992,2864,"Central Air",3,2,1,40.004,934400,"Meriwether Lewis","Henley","Western Albemarle",102.02,27,"Average",1
"194",2007,2056,"Central Air",3,2,1,0.171,321200,"Crozet","Henley","Western Albemarle",111,12,"Average",1
"195",2018,1835,"Central Air",3,4,1,0.024,375700,"Woodbrook","Jouett","Albemarle",107,1,"Average",0
"196",2005,3268,"Central Air",2,2,1,8.688,404000,"Red Hill","Walton","Monticello",114,14,"Average",0
"197",2001,1925,"Central Air",2,2,0,0.243,419700,"Agnor-Hurt","Burley","Albemarle",106.02,18,"Average",1
"198",1975,1288,"Central Air",3,3,0,3,292800,"Stone-Robinson","Burley","Monticello",104.02,44,"Average",1
"199",1994,1961,"Central Air",4,3,1,0.263,364400,"Woodbrook","Jouett","Albemarle",106.01,25,"Average",1
"200",2006,2336,"Central Air",3,2,1,0.192,485000,"Brownsville","Henley","Western Albemarle",111,13,"Average",1
"201",1967,2390,"Central Air",5,3,1,2.17,643800,"Meriwether Lewis","Henley","Western Albemarle",110,52,"Average",1
"202",2003,5510,"Central Air",4,4,2,0.717,1250100,"Stone-Robinson","Burley","Monticello",104.02,16,"Average",1
"203",2007,3692,"Central Air",4,3,2,0.511,650300,"Stone-Robinson","Burley","Monticello",104.02,12,"Average",1
"204",1995,3254,"Central Air",3,2,1,24.37,784200,"Stone-Robinson","Burley","Monticello",104.01,24,"Average",1
"205",2001,2022,"Central Air",3,2,0,0.339,429400,"Stony Point","Burley","Monticello",105,18,"Average",1
"206",2016,2544,"Central Air",5,4,1,0.473,751500,"Stony Point","Burley","Monticello",105,3,"Average",1
"207",1989,1467,"Central Air",3,2,0,0.295,355900,"Cale","Walton","Monticello",113.03,30,"Average",1
"208",2004,2715,"Central Air",4,3,0,0.419,536200,"Stone-Robinson","Burley","Monticello",104.02,15,"Average",1
"209",1995,3208,"Central Air",4,4,1,4.813,613700,"Baker-Butler","Sutherland","Albemarle",104.01,24,"Average",1
"210",1955,922,"Central Air",2,1,0,0.57,195000,"Meriwether Lewis","Henley","Western Albemarle",110,64,"Average",1
"211",1987,2356,"Central Air",4,3,1,0.255,398800,"Woodbrook","Jouett","Albemarle",106.01,32,"Average",1
"212",1980,1306,"Central Air",3,3,0,2.603,442100,"Murray","Henley","Western Albemarle",110,39,"Average",1
"213",1970,1176,"No Central Air",3,1,1,0.249,186700,"Baker-Butler","Sutherland","Albemarle",102.01,49,"Average",1
"214",1972,1479,"Central Air",3,2,0,0.353,316100,"Greer","Jouett","Albemarle",108,47,"Average",1
"215",2003,2526,"Central Air",4,3,1,0.315,417900,"Stony Point","Burley","Monticello",105,16,"Average",1
"216",1955,1478,"Central Air",3,1,1,0,317000,"Greer","Jouett","Albemarle",108,64,"Average",1
"217",2012,2364,"Central Air",4,3,1,0.134,489000,"Agnor-Hurt","Burley","Albemarle",106.02,7,"Average",1
"218",2001,4549,"Central Air",4,2,2,2.982,1110100,"Meriwether Lewis","Henley","Western Albemarle",110,18,"Average",1
"219",2006,2562,"Central Air",4,3,1,3.215,547100,"Brownsville","Henley","Western Albemarle",112.01,13,"Average",1
"220",2013,1380,"Central Air",3,2,1,2.327,303600,"Brownsville","Henley","Western Albemarle",112.01,6,"Average",0
"221",2005,1579,"Central Air",3,2,0,1.714,215600,"Scottsville","Walton","Monticello",114,14,"Average",0
"222",1988,1760,"Central Air",3,2,0,0.291,301200,"Woodbrook","Jouett","Albemarle",106.01,31,"Average",1
"223",1932,1890,"No Central Air",2,1,0,11.556,419600,"Brownsville","Henley","Western Albemarle",112.01,87,"Average",1
"224",1985,960,"No Central Air",3,1,0,3,161700,"Stone-Robinson","Walton","Monticello",113.01,34,"Average",0
"225",1804,3288,"Central Air",3,3,0,77.62,920500,"Red Hill","Walton","Monticello",114,215,"Average",1
"226",1992,3063,"Central Air",3,2,1,21,611700,"Stone-Robinson","Burley","Monticello",104.01,27,"Average",1
"227",1989,3084,"Central Air",4,3,1,0.347,500800,"Baker-Butler","Sutherland","Albemarle",103,30,"Average",1
"228",2004,1232,"Central Air",3,2,0,5,211600,"Red Hill","Walton","Monticello",114,15,"Average",0
"229",1972,1749,"Central Air",3,1,1,1.119,311000,"Broadus Wood","Jouett","Albemarle",102.02,47,"Average",1
"230",1979,1374,"Central Air",3,2,0,0.3366,326300,"Woodbrook","Jouett","Albemarle",106.01,40,"Average",1
"231",1981,1805,"Central Air",3,2,0,0,315600,"Agnor-Hurt","Burley","Albemarle",107,38,"Average",1
"232",1987,2560,"Central Air",5,2,2,2.485,568800,"Meriwether Lewis","Henley","Western Albemarle",110,32,"Average",1
"233",1754,1500,"No Central Air",3,1,0,2.01,61900,"Stone-Robinson","Burley","Monticello",104.01,265,"Average",0
"234",2014,1280,"Central Air",3,2,0,0.043,290800,"Agnor-Hurt","Burley","Albemarle",106.02,5,"Average",0
"235",1988,1235,"Central Air",3,2,0,7.411,218400,"Scottsville","Walton","Monticello",113.01,31,"Average",0
"236",1961,2739,"Central Air",3,3,1,1.7,1840100,"Murray","Henley","Western Albemarle",110,58,"Average",1
"237",1969,1688,"Central Air",4,2,1,0.95,266900,"Meriwether Lewis","Henley","Western Albemarle",102.02,50,"Average",1
"238",1949,3524,"Central Air",2,3,0,6.077,720400,"Meriwether Lewis","Henley","Western Albemarle",110,70,"Average",1
"239",2003,2016,"Central Air",3,2,0,2.046,192600,"Brownsville","Henley","Western Albemarle",112.01,16,"Average",0
"240",2012,4164,"Central Air",4,4,1,3.084,1190200,"Murray","Henley","Western Albemarle",112.02,7,"Average",1
"241",1990,1840,"Central Air",3,3,0,0.326,354200,"Cale","Walton","Monticello",113.01,29,"Average",1
"242",2010,1456,"Central Air",3,2,0,1,248400,"Red Hill","Walton","Monticello",112.02,9,"Average",0
"243",1972,1392,"Central Air",3,2,0,0.294,226500,"Brownsville","Henley","Western Albemarle",111,47,"Average",0
"244",2017,3112,"Central Air",4,2,1,0.471,609800,"Brownsville","Henley","Western Albemarle",111,2,"Average",1
"245",2015,2410,"Central Air",4,3,1,0.098,429800,"Brownsville","Henley","Western Albemarle",111,4,"Average",1
"246",1975,2499,"Central Air",5,4,1,4.4,407500,"Broadus Wood","Jouett","Albemarle",101,44,"Average",1
"247",2006,1886,"Central Air",3,2,1,0.181,344200,"Crozet","Henley","Western Albemarle",111,13,"Average",1
"248",1959,1584,"Central Air",3,1,0,0.9,178400,"Scottsville","Walton","Monticello",114,60,"Average",1
"249",1973,1919,"Central Air",4,2,1,0,361600,"Meriwether Lewis","Henley","Western Albemarle",110,46,"Average",1
"250",2001,3719,"Central Air",4,4,1,0.464,606300,"Stone-Robinson","Burley","Monticello",104.02,18,"Average",1
"251",1954,800,"No Central Air",2,1,0,2.34,203600,"Meriwether Lewis","Henley","Western Albemarle",111,65,"Average",0
"252",1982,2663,"Central Air",3,2,1,0.93,358600,"Murray","Henley","Western Albemarle",110,37,"Average",1
"253",1992,1092,"Central Air",3,2,0,0,188900,"Agnor-Hurt","Burley","Albemarle",106.02,27,"Average",1
"254",1995,3054,"Central Air",5,3,1,0.388,561100,"Agnor-Hurt","Burley","Albemarle",106.02,24,"Average",1
"255",1910,1330,"Central Air",2,2,0,2.8,175100,"Stone-Robinson","Burley","Monticello",104.01,109,"Average",0
"256",1990,1040,"Central Air",3,1,1,3.923,161900,"Broadus Wood","Jouett","Albemarle",101,29,"Average",1
"257",2001,2254,"Central Air",4,2,1,0.277,410300,"Cale","Walton","Monticello",113.03,18,"Average",1
"258",1988,1614,"Central Air",3,2,0,0.399,333700,"Cale","Walton","Monticello",113.03,31,"Average",1
"259",1979,1578,"Central Air",3,2,1,2.141,373500,"Stony Point","Burley","Monticello",105,40,"Average",0
"260",2019,1584,"Central Air",3,3,1,0.036,315500,"Cale","Walton","Monticello",113.03,0,"Average",0
"261",1983,1802,"Central Air",3,1,1,0.306,288400,"Woodbrook","Jouett","Albemarle",107,36,"Average",1
"262",1930,1419,"No Central Air",4,1,0,0.707,96600,"Red Hill","Walton","Monticello",112.01,89,"Average",0
"263",1984,1480,"Central Air",3,2,1,2.023,282300,"Baker-Butler","Sutherland","Albemarle",102.01,35,"Average",1
"264",2000,3124,"Central Air",5,5,0,2.001,860400,"Meriwether Lewis","Henley","Western Albemarle",110,19,"Average",1
"265",2013,1680,"Central Air",3,2,1,0.038,298700,"Brownsville","Henley","Western Albemarle",111,6,"Average",0
"266",1961,768,"Central Air",2,1,0,1.464,148000,"Scottsville","Walton","Monticello",114,58,"Average",0
"267",1985,1704,"Central Air",3,2,1,0,314000,"Hollymead","Sutherland","Albemarle",103,34,"Average",1
"268",1974,960,"Central Air",3,1,0,1.838,121700,"Scottsville","Walton","Monticello",114,45,"Average",0
"269",1963,2053,"Central Air",3,2,1,0.699,304200,"Woodbrook","Jouett","Albemarle",106.01,56,"Average",1
"270",2019,1785,"Central Air",3,3,1,0.038,333400,"Baker-Butler","Sutherland","Albemarle",103,0,"Average",0
"271",2000,960,"Central Air",2,1,0,7.07,229700,"Stony Point","Sutherland","Albemarle",104.01,19,"Average",0
"272",1998,1334,"Central Air",3,2,0,0.142,337000,"Cale","Walton","Monticello",113.01,21,"Average",1
"273",1980,1798,"Central Air",3,2,0,0.26,331500,"Murray","Henley","Western Albemarle",110,39,"Average",0
"274",1976,2096,"No Central Air",4,2,2,7.151,329700,"Baker-Butler","Sutherland","Albemarle",102.01,43,"Average",1
"275",1999,2142,"Central Air",4,3,1,0.453,381000,"Baker-Butler","Sutherland","Albemarle",103,20,"Average",1
"276",1989,1066,"Central Air",2,2,0,0.266,306000,"Cale","Walton","Monticello",113.03,30,"Average",1
"277",1954,1092,"No Central Air",4,1,0,5.8,179800,"Meriwether Lewis","Henley","Western Albemarle",101,65,"Average",0
"278",1993,1251,"No Central Air",1,1,0,16.097,294100,"Crozet","Henley","Western Albemarle",112.01,26,"Average",0
"279",1984,2575,"Central Air",4,3,1,1.151,479000,"Stone-Robinson","Burley","Monticello",105,35,"Average",1
"280",2007,2474,"Central Air",4,3,1,0.192,520700,"Brownsville","Henley","Western Albemarle",111,12,"Average",1
"281",2001,1615,"Central Air",3,2,1,7.124,496100,"Broadus Wood","Jouett","Albemarle",102.02,18,"Average",1
"282",1965,1596,"Central Air",3,3,0,0,280400,"Greer","Jouett","Albemarle",108,54,"Average",1
"283",2013,2860,"Central Air",4,4,0,2.017,543100,"Baker-Butler","Sutherland","Albemarle",102.01,6,"Average",1
"284",1985,2025,"Central Air",4,2,1,1.496,417900,"Meriwether Lewis","Henley","Western Albemarle",110,34,"Average",1
"285",2000,2822,"Central Air",4,2,1,2,501600,"Baker-Butler","Sutherland","Albemarle",104.01,19,"Average",1
"286",2010,2694,"Central Air",4,2,1,0.473,549700,"Hollymead","Sutherland","Albemarle",103,9,"Average",1
"287",1989,2989,"Central Air",4,2,1,3.059,646500,"Meriwether Lewis","Henley","Western Albemarle",110,30,"Average",1
"288",1987,2349,"Central Air",4,4,1,2.45,495800,"Meriwether Lewis","Henley","Western Albemarle",110,32,"Average",1
"289",2006,2250,"Central Air",3,2,1,2.1,335800,"Broadus Wood","Jouett","Albemarle",101,13,"Average",0
"290",1989,1234,"Central Air",2,2,2,0.049,235800,"Cale","Walton","Monticello",113.03,30,"Average",1
"291",1991,1256,"Central Air",3,3,1,0.042,243100,"Agnor-Hurt","Burley","Albemarle",106.02,28,"Average",1
"292",2000,2911,"Central Air",5,5,1,2.305,812200,"Meriwether Lewis","Henley","Western Albemarle",110,19,"Average",1
"293",1972,1001,"Central Air",3,1,1,0,219300,"Woodbrook","Jouett","Albemarle",107,47,"Average",0
"294",1984,1788,"Central Air",3,2,0,0,429200,"Stony Point","Burley","Monticello",105,35,"Average",1
"295",2006,2332,"Central Air",5,3,1,0.266,454300,"Crozet","Henley","Western Albemarle",111,13,"Average",1
"296",1996,1616,"Central Air",3,2,1,0.17,388300,"Murray","Henley","Western Albemarle",110,23,"Average",1
"297",1961,1288,"Central Air",4,2,1,0,231800,"Woodbrook","Jouett","Albemarle",107,58,"Average",0
"298",1990,1482,"Central Air",3,2,1,0.564,275700,"Cale","Walton","Monticello",113.03,29,"Average",1
"299",1962,1512,"Central Air",4,3,0,1.49,365500,"Meriwether Lewis","Henley","Western Albemarle",110,57,"Average",1
"300",1991,900,"No Central Air",3,1,0,2.952,94900,"Scottsville","Walton","Monticello",114,28,"Average",1
"301",1989,1757,"Central Air",4,3,1,0.258,326800,"Baker-Butler","Sutherland","Albemarle",103,30,"Average",1
"302",1977,1188,"No Central Air",3,1,0,2.006,232500,"Meriwether Lewis","Henley","Western Albemarle",101,42,"Average",1
"303",1968,2868,"Central Air",6,2,2,0,268800,"Greer","Jouett","Albemarle",108,51,"Average",0
"304",1895,1336,"No Central Air",2,1,0,1.548,170500,"Broadus Wood","Jouett","Albemarle",101,124,"Average",0
"305",2005,2180,"Central Air",4,2,1,0.542,346200,"Crozet","Henley","Western Albemarle",111,14,"Average",1
"306",1968,1522,"No Central Air",3,1,0,2,247700,"Broadus Wood","Jouett","Albemarle",102.02,51,"Average",1
"307",1988,1060,"Central Air",2,2,0,0.376,296800,"Cale","Walton","Monticello",113.03,31,"Average",1
"308",1995,1704,"Central Air",3,2,1,1.6,369800,"Murray","Henley","Western Albemarle",110,24,"Average",0
"309",1994,1144,"Central Air",3,2,0,5.001,206000,"Baker-Butler","Sutherland","Albemarle",102.01,25,"Average",0
"310",1950,1228,"Central Air",3,2,0,0.8,195000,"Scottsville","Walton","Monticello",114,69,"Average",1
"311",1997,2846,"Central Air",4,3,1,8.25,733200,"Stony Point","Sutherland","Albemarle",104.01,22,"Average",1
"312",2005,3141,"Central Air",5,4,1,2.028,673300,"Baker-Butler","Sutherland","Albemarle",102.01,14,"Average",1
"313",1987,1152,"Central Air",2,2,1,0,201700,"Greer","Jouett","Albemarle",107,32,"Average",1
"314",2000,3860,"Central Air",4,3,1,2.603,803600,"Murray","Henley","Western Albemarle",110,19,"Average",1
"315",2009,5650,"Central Air",4,6,1,2,1218300,"Meriwether Lewis","Henley","Western Albemarle",110,10,"Average",1
"316",1992,1047,"No Central Air",3,2,0,2.96,107400,"Scottsville","Walton","Monticello",114,27,"Average",1
"317",2001,1381,"Central Air",2,2,0,0.113,294200,"Cale","Burley","Monticello",112.02,18,"Average",0
"318",2003,3631,"Central Air",3,3,1,1.378,713100,"Broadus Wood","Jouett","Albemarle",102.01,16,"Average",1
"319",1989,2689,"Central Air",4,2,1,2.85,413300,"Broadus Wood","Jouett","Albemarle",101,30,"Average",1
"320",1754,810,"No Central Air",2,1,0,18,262800,"Stony Point","Burley","Monticello",105,265,"Average",0
"321",1996,1621,"Central Air",3,3,1,0.135,318300,"Agnor-Hurt","Burley","Albemarle",106.02,23,"Average",1
"322",1984,1320,"Central Air",3,1,2,0,196800,"Agnor-Hurt","Jouett","Albemarle",107,35,"Average",1
"323",2013,3328,"Central Air",4,4,1,0.464,569700,"Brownsville","Henley","Western Albemarle",111,6,"Average",1
"324",1974,960,"Central Air",3,1,1,0.241,163800,"Baker-Butler","Sutherland","Albemarle",102.01,45,"Average",0
"325",1990,1869,"Central Air",5,2,1,15,352400,"Stone-Robinson","Walton","Monticello",113.01,29,"Average",0
"326",2001,2341,"Central Air",3,2,1,0.276,388500,"Brownsville","Henley","Western Albemarle",111,18,"Average",1
"327",1988,850,"Central Air",3,2,0,2.01,192700,"Stone-Robinson","Walton","Monticello",113.01,31,"Average",0
"328",1978,2488,"Central Air",4,2,1,0.7572,422700,"Woodbrook","Jouett","Albemarle",106.01,41,"Average",1
"329",1977,960,"No Central Air",3,1,0,0,130400,"Scottsville","Walton","Monticello",114,42,"Average",0
"330",2013,1698,"Central Air",3,2,0,21,854400,"Brownsville","Henley","Western Albemarle",111,6,"Average",1
"331",2007,1310,"Central Air",2,2,1,0.107,270500,"Cale","Walton","Monticello",113.01,12,"Average",0
"332",2004,2404,"Central Air",4,3,0,0.326,428400,"Cale","Burley","Monticello",112.02,15,"Average",1
"333",2010,1418,"Central Air",3,1,1,3.903,265700,"Stony Point","Sutherland","Albemarle",104.01,9,"Average",0
"334",1974,1334,"Central Air",4,2,1,0.803,253600,"Broadus Wood","Jouett","Albemarle",102.01,45,"Average",1
"335",1754,1776,"No Central Air",4,2,1,10.397,236200,"Red Hill","Walton","Monticello",114,265,"Average",0
"336",2007,2451,"Central Air",3,2,1,0.817,421300,"Stone-Robinson","Burley","Monticello",104.01,12,"Average",1
"337",2005,2219,"Central Air",4,2,1,0.275,430200,"Brownsville","Henley","Western Albemarle",111,14,"Average",1
"338",1979,1008,"Central Air",3,2,0,0.3489,192300,"Baker-Butler","Sutherland","Albemarle",102.01,40,"Average",0
"339",1965,1134,"Central Air",3,1,0,1.47,138700,"Red Hill","Walton","Monticello",114,54,"Average",0
"340",2011,1606,"Central Air",3,2,1,0.058,252500,"Greer","Jouett","Albemarle",108,8,"Average",0
"341",2015,2661,"Central Air",2,3,0,0.141,564900,"Brownsville","Henley","Western Albemarle",111,4,"Average",1
"342",1998,1441,"Central Air",3,2,0,0.183,255200,"Crozet","Henley","Western Albemarle",111,21,"Average",0
"343",1974,2134,"Central Air",4,2,0,5.41,293500,"Stone-Robinson","Walton","Monticello",113.01,45,"Average",1
"344",1983,1916,"Central Air",3,2,1,0,245000,"Woodbrook","Jouett","Albemarle",107,36,"Average",1
"345",2004,1754,"Central Air",3,2,1,0.048,276300,"Brownsville","Henley","Western Albemarle",111,15,"Average",1
"346",1980,2031,"Central Air",4,4,1,2,511600,"Meriwether Lewis","Henley","Western Albemarle",110,39,"Average",1
"347",1986,1320,"Central Air",2,1,0,7.87,288100,"Brownsville","Henley","Western Albemarle",112.01,33,"Average",1
"348",2005,2002,"Central Air",4,3,1,0.5994,310700,"Woodbrook","Jouett","Albemarle",106.01,14,"Average",1
"349",1949,952,"No Central Air",3,1,0,3,162500,"Broadus Wood","Jouett","Albemarle",102.01,70,"Average",0
"350",2010,1335,"Central Air",3,2,1,0.044,248200,"Stone-Robinson","Burley","Monticello",105,9,"Average",0
"351",1993,1551,"Central Air",3,2,1,0,217500,"Baker-Butler","Sutherland","Albemarle",103,26,"Average",1
"352",1994,1330,"Central Air",3,3,1,0,201600,"Baker-Butler","Sutherland","Albemarle",102.01,25,"Average",1
"353",1980,1050,"No Central Air",4,2,0,2.031,210400,"Stone-Robinson","Burley","Monticello",104.02,39,"Average",0
"354",2019,1458,"Central Air",2,1,0,5,111000,"Stone-Robinson","Walton","Monticello",113.01,0,"Average",0
"355",2003,2388,"Central Air",4,3,1,0.215,368400,"Crozet","Henley","Western Albemarle",111,16,"Average",1
"356",1956,1358,"Central Air",3,1,0,0,240600,"Crozet","Henley","Western Albemarle",111,63,"Average",1
"357",1984,960,"No Central Air",3,1,0,2,134600,"Red Hill","Walton","Monticello",114,35,"Average",1
"358",1900,3560,"No Central Air",4,2,0,17.519,734200,"Stone-Robinson","Burley","Monticello",104.01,119,"Average",1
"359",1987,1017,"Central Air",2,2,1,0,193500,"Greer","Jouett","Albemarle",107,32,"Average",1
"360",2005,3974,"Central Air",6,5,1,2.006,1076700,"Murray","Henley","Western Albemarle",112.02,14,"Average",1
"361",2015,2044,"Central Air",3,2,1,0.115,401500,"Brownsville","Henley","Western Albemarle",111,4,"Average",1
"362",1999,2532,"Central Air",3,2,1,4.439,375000,"Stone-Robinson","Burley","Monticello",104.01,20,"Average",1
"363",1987,2303,"Central Air",3,3,1,5,475500,"Murray","Henley","Western Albemarle",110,32,"Average",1
"364",1973,1301,"Central Air",2,2,2,0,195100,"Cale","Burley","Monticello",113.02,46,"Average",0
"365",1992,1230,"Central Air",2,2,1,0,192800,"Baker-Butler","Sutherland","Albemarle",103,27,"Average",1
"366",1979,748,"Central Air",3,2,0,13.09,248900,"Stone-Robinson","Walton","Monticello",113.01,40,"Average",0
"367",2000,3196,"Central Air",4,3,1,2.017,452600,"Broadus Wood","Jouett","Albemarle",101,19,"Average",1
"368",2001,1991,"Central Air",4,3,0,0.319,739500,"Murray","Henley","Western Albemarle",110,18,"Average",1
"369",1754,3054,"No Central Air",2,1,0,21.1,76600,"Scottsville","Walton","Monticello",114,265,"Average",0
"370",1960,2304,"Central Air",4,2,1,2.03,315200,"Murray","Henley","Western Albemarle",110,59,"Average",1
"371",1954,869,"No Central Air",3,1,0,0,141000,"Scottsville","Walton","Monticello",114,65,"Average",0
"372",2018,2005,"Central Air",4,3,1,0.47,611800,"Crozet","Henley","Western Albemarle",111,1,"Average",1
"373",2007,1660,"Central Air",3,2,0,0.06,304400,"Baker-Butler","Sutherland","Albemarle",103,12,"Average",0
"374",2001,1655,"Central Air",3,3,0,0.143,272600,"Hollymead","Sutherland","Albemarle",103,18,"Average",1
"375",1965,1686,"Central Air",3,2,0,2.906,316400,"Baker-Butler","Sutherland","Albemarle",103,54,"Average",1
"376",1982,2100,"Central Air",3,2,1,1.697,348600,"Broadus Wood","Jouett","Albemarle",102.01,37,"Average",1
"377",1989,2166,"Central Air",4,3,1,0.88,440100,"Woodbrook","Jouett","Albemarle",106.01,30,"Average",1
"378",2008,2512,"Central Air",2,3,0,3.079,710200,"Stony Point","Sutherland","Albemarle",104.01,11,"Average",1
"379",1958,1248,"No Central Air",3,1,1,11.75,311700,"Red Hill","Walton","Monticello",112.02,61,"Average",1
"380",1972,1560,"Central Air",4,3,0,1.63,300400,"Stone-Robinson","Burley","Monticello",104.02,47,"Average",1
"381",1994,1823,"Central Air",3,2,0,0.172,261800,"Crozet","Henley","Western Albemarle",111,25,"Average",1
"382",1990,1248,"Central Air",4,3,0,2.098,212300,"Stone-Robinson","Walton","Monticello",113.01,29,"Average",1
"383",1984,2265,"Central Air",3,3,0,30.872,918900,"Murray","Henley","Western Albemarle",110,35,"Average",1
"384",1994,2761,"Central Air",4,3,0,0.379,487600,"Stone-Robinson","Burley","Monticello",104.02,25,"Average",1
"385",2018,2634,"Central Air",4,3,1,0.459,551000,"Brownsville","Henley","Western Albemarle",111,1,"Average",1
"386",2001,1358,"Central Air",3,2,1,0.22,264100,"Cale","Burley","Monticello",113.03,18,"Average",1
"387",2006,1636,"Central Air",3,3,0,1.386,367500,"Stony Point","Sutherland","Albemarle",104.01,13,"Average",1
"388",1951,1525,"No Central Air",4,2,0,1.18,179700,"Scottsville","Walton","Monticello",114,68,"Average",1
"389",1967,1456,"No Central Air",4,2,2,0.491,214000,"Baker-Butler","Sutherland","Albemarle",102.01,52,"Average",1
"390",1971,1675,"Central Air",3,2,0,0.45,277500,"Baker-Butler","Sutherland","Albemarle",103,48,"Average",1
"391",2002,1712,"Central Air",3,3,1,0,301300,"Agnor-Hurt","Burley","Albemarle",106.02,17,"Average",1
"392",1994,1823,"Central Air",3,2,0,0.16,261000,"Crozet","Henley","Western Albemarle",111,25,"Average",1
"393",1980,1248,"Central Air",3,3,0,2.658,200600,"Scottsville","Walton","Monticello",113.01,39,"Average",1
"394",2014,3327,"Central Air",3,4,1,0.459,643400,"Brownsville","Henley","Western Albemarle",111,5,"Average",1
"395",1972,2043,"No Central Air",3,2,0,0.977,308600,"Crozet","Henley","Western Albemarle",111,47,"Average",1
"396",1989,2754,"Central Air",5,3,1,8.6,727700,"Stony Point","Burley","Monticello",105,30,"Average",1
"397",2006,2182,"Central Air",4,2,1,0.16,321200,"Baker-Butler","Sutherland","Albemarle",103,13,"Average",1
"398",2001,2636,"Central Air",5,2,1,0.349,418300,"Brownsville","Henley","Western Albemarle",111,18,"Average",1
"399",2011,2952,"Central Air",3,2,1,10.13,580500,"Red Hill","Walton","Monticello",113.01,8,"Average",0
"400",2018,2423,"Central Air",3,3,1,0.118,459700,"Brownsville","Henley","Western Albemarle",111,1,"Average",1
"401",2001,2226,"Central Air",4,3,1,0.175,396800,"Cale","Burley","Monticello",112.02,18,"Average",1
"402",1989,1000,"Central Air",3,1,0,0.902,219000,"Crozet","Henley","Western Albemarle",111,30,"Average",1
"403",1993,3629,"Central Air",4,3,1,0.521,628700,"Stone-Robinson","Burley","Monticello",104.02,26,"Average",1
"404",1976,960,"No Central Air",3,1,0,2.019,166900,"Stone-Robinson","Walton","Monticello",113.01,43,"Average",0
"405",2003,4097,"Central Air",4,6,1,0.4,753000,"Stone-Robinson","Burley","Monticello",104.02,16,"Average",1
"406",1994,1985,"Central Air",4,3,1,0.408,363500,"Hollymead","Sutherland","Albemarle",103,25,"Average",1
"407",1989,3066,"Central Air",4,2,1,3.422,652600,"Meriwether Lewis","Henley","Western Albemarle",110,30,"Average",1
"408",1971,1282,"Central Air",3,1,1,0,233800,"Greer","Jouett","Albemarle",108,48,"Average",1
"409",1985,1828,"Central Air",3,2,0,0,567100,"Murray","Henley","Western Albemarle",110,34,"Average",1
"410",1969,2505,"Central Air",5,3,0,10.4,490500,"Scottsville","Walton","Monticello",114,50,"Average",1
"411",2006,1824,"Central Air",3,2,1,0.062,305100,"Woodbrook","Jouett","Albemarle",106.01,13,"Average",1
"412",1987,1781,"Central Air",4,2,1,0.435,368100,"Cale","Walton","Monticello",113.03,32,"Average",1
"413",2003,2832,"Central Air",3,2,1,0.332,487400,"Agnor-Hurt","Burley","Albemarle",106.02,16,"Average",1
"414",1984,2308,"Central Air",4,3,0,1.858,355400,"Broadus Wood","Jouett","Albemarle",102.01,35,"Average",1
"415",1991,1040,"Central Air",2,3,0,0,188800,"Agnor-Hurt","Burley","Albemarle",106.02,28,"Average",1
"416",1972,2502,"Central Air",4,2,1,0.298,359900,"Greer","Jouett","Albemarle",108,47,"Average",1
"417",1754,672,"No Central Air",2,1,0,2.086,70300,"Scottsville","Walton","Monticello",114,265,"Average",0
"418",1978,2372,"Central Air",4,2,1,3.749,541600,"Meriwether Lewis","Henley","Western Albemarle",102.02,41,"Average",1
"419",1998,1595,"Central Air",2,2,0,0.15,274200,"Baker-Butler","Sutherland","Albemarle",103,21,"Average",1
"420",1980,1183,"Central Air",3,3,0,0.2326,261800,"Greer","Jouett","Albemarle",107,39,"Average",0
"421",1989,1754,"Central Air",4,2,1,0.253,319700,"Baker-Butler","Sutherland","Albemarle",103,30,"Average",1
"422",1973,1180,"Central Air",3,1,1,0,171300,"Cale","Burley","Monticello",113.02,46,"Average",0
"423",1996,2367,"Central Air",4,2,1,0.359,408500,"Cale","Walton","Monticello",113.01,23,"Average",0
"424",2016,2570,"Central Air",3,4,1,43.72,759500,"Meriwether Lewis","Henley","Western Albemarle",101,3,"Average",1
"425",2006,1802,"Central Air",3,2,1,0.066,303500,"Brownsville","Henley","Western Albemarle",111,13,"Average",1
"426",1989,1888,"Central Air",4,3,1,0.227,356500,"Baker-Butler","Sutherland","Albemarle",103,30,"Average",1
"427",1973,2226,"Central Air",3,3,0,0,281500,"Agnor-Hurt","Burley","Albemarle",107,46,"Average",1
"428",1952,1203,"Central Air",2,1,0,0.341,236900,"Greer","Jouett","Albemarle",108,67,"Average",1
"429",2002,2338,"Central Air",5,3,1,0.347,418200,"Stony Point","Burley","Monticello",105,17,"Average",1
"430",1973,1692,"Central Air",4,2,0,2,319400,"Meriwether Lewis","Henley","Western Albemarle",102.02,46,"Average",1
"431",1970,768,"No Central Air",2,1,0,15.25,207700,"Stone-Robinson","Walton","Monticello",113.01,49,"Average",0
"432",1996,2722,"Central Air",3,4,0,2.877,514800,"Broadus Wood","Jouett","Albemarle",102.02,23,"Average",1
"433",1960,720,"Central Air",3,2,0,2.971,185000,"Broadus Wood","Jouett","Albemarle",101,59,"Average",0
"434",1911,2360,"Central Air",3,2,0,10.85,163600,"Red Hill","Walton","Monticello",114,108,"Average",1
"435",1992,1369,"Central Air",3,2,0,0.341,332200,"Cale","Walton","Monticello",113.01,27,"Average",0
"436",2019,2090,"Central Air",3,2,1,0.056,336400,"Stone-Robinson","Burley","Monticello",105,0,"Average",0
"437",2009,1595,"Central Air",4,3,1,0.048,277300,"Stone-Robinson","Burley","Monticello",105,10,"Average",0
"438",1963,2475,"Central Air",3,2,0,1.102,340500,"Stone-Robinson","Burley","Monticello",104.02,56,"Average",1
"439",2014,1536,"Central Air",3,2,0,0.186,416800,"Brownsville","Henley","Western Albemarle",111,5,"Average",1
"440",1992,1078,"Central Air",3,2,0,2,184600,"Baker-Butler","Sutherland","Albemarle",102.01,27,"Average",0
"441",1997,1706,"Central Air",3,2,1,0.059,238400,"Hollymead","Sutherland","Albemarle",103,22,"Average",1
"442",1981,1050,"Central Air",3,2,0,4.03,269100,"Meriwether Lewis","Henley","Western Albemarle",101,38,"Average",0
"443",1850,1840,"Central Air",4,2,0,0,521100,"Broadus Wood","Jouett","Albemarle",102.01,169,"Average",1
"444",1968,1107,"Central Air",4,3,0,0.3331,308000,"Woodbrook","Jouett","Albemarle",106.01,51,"Average",1
"445",1984,2982,"Central Air",3,4,0,5.53,388500,"Broadus Wood","Jouett","Albemarle",101,35,"Average",1
"446",1983,1524,"Central Air",3,2,1,2.067,357400,"Stone-Robinson","Burley","Monticello",104.02,36,"Average",0
"447",1996,3068,"Central Air",4,3,1,0.466,514600,"Hollymead","Sutherland","Albemarle",103,23,"Average",1
"448",1970,1836,"Central Air",3,3,0,2.18,292900,"Meriwether Lewis","Henley","Western Albemarle",101,49,"Average",1
"449",1985,2089,"Central Air",3,2,1,2.474,322400,"Red Hill","Walton","Monticello",112.02,34,"Average",1
"450",1999,2139,"Central Air",3,3,1,0.179,1144100,"Murray","Henley","Western Albemarle",110,20,"Average",1
"451",1999,3296,"Central Air",3,3,0,21.196,616200,"Red Hill","Walton","Monticello",112.02,20,"Average",0
"452",1961,3591,"Central Air",4,4,2,1.5,1947900,"Murray","Henley","Western Albemarle",110,58,"Average",1
"453",2008,1344,"Central Air",3,2,0,1.947,228000,"Crozet","Henley","Western Albemarle",111,11,"Average",0
"454",1970,1890,"Central Air",5,3,0,0.6429,350500,"Woodbrook","Jouett","Albemarle",106.01,49,"Average",1
"455",1983,2085,"Central Air",4,2,1,1.378,339800,"Broadus Wood","Jouett","Albemarle",102.01,36,"Average",1
"456",1985,1390,"Central Air",3,3,0,0,364500,"Stony Point","Burley","Monticello",105,34,"Average",1
"457",2003,2433,"Central Air",4,3,1,0.307,422200,"Agnor-Hurt","Burley","Albemarle",106.02,16,"Average",1
"458",2018,2208,"Central Air",3,3,1,0.092,544100,"Brownsville","Henley","Western Albemarle",111,1,"Average",1
"459",2010,2464,"Central Air",3,2,1,35.676,705900,"Brownsville","Henley","Western Albemarle",112.01,9,"Average",1
"460",1975,2436,"Central Air",4,2,1,0.877,337700,"Broadus Wood","Jouett","Albemarle",102.01,44,"Average",1
"461",2019,2347,"Central Air",3,2,1,0.081,443800,"Brownsville","Henley","Western Albemarle",111,0,"Average",0
"462",1975,1146,"Central Air",5,3,0,1.093,278600,"Stone-Robinson","Burley","Monticello",104.02,44,"Average",1
"463",1987,3140,"Central Air",5,3,1,11.215,753500,"Meriwether Lewis","Henley","Western Albemarle",101,32,"Average",1
"464",2007,2598,"Central Air",4,4,1,0.479,571500,"Hollymead","Sutherland","Albemarle",103,12,"Average",1
"465",1991,2479,"Central Air",4,2,1,2.005,398200,"Stony Point","Burley","Monticello",105,28,"Average",1
"466",2015,2999,"Central Air",3,3,1,0.52,601600,"Stony Point","Burley","Monticello",105,4,"Average",1
"467",1993,1157,"Central Air",3,1,1,3.74,216200,"Scottsville","Walton","Monticello",113.01,26,"Average",0
"468",1967,1809,"Central Air",4,2,0,0.4045,413100,"Woodbrook","Jouett","Albemarle",106.01,52,"Average",1
"469",1979,1246,"Central Air",4,2,0,3.045,247900,"Baker-Butler","Sutherland","Albemarle",103,40,"Average",0
"470",2002,2478,"Central Air",4,3,0,13.849,473000,"Stone-Robinson","Burley","Monticello",104.01,17,"Average",1
"471",2018,1440,"Central Air",3,2,1,0.0499,246300,"Baker-Butler","Sutherland","Albemarle",102.01,1,"Average",0
"472",1994,2886,"Central Air",3,2,1,3.088,507400,"Red Hill","Walton","Monticello",112.02,25,"Average",1
"473",2014,2224,"Central Air",4,2,1,0.101,409000,"Baker-Butler","Sutherland","Albemarle",103,5,"Average",0
"474",1987,1448,"Central Air",3,2,1,0,252400,"Agnor-Hurt","Burley","Albemarle",106.02,32,"Average",1
"475",1994,1220,"Central Air",2,2,0,0.278,278300,"Cale","Walton","Monticello",113.01,25,"Average",0
"476",1982,768,"Central Air",2,1,0,2.604,171300,"Brownsville","Henley","Western Albemarle",112.01,37,"Average",0
"477",1981,1728,"Central Air",4,2,1,5.737,249300,"Stone-Robinson","Walton","Monticello",113.01,38,"Average",0
"478",1986,1842,"Central Air",3,2,1,0,282900,"Hollymead","Sutherland","Albemarle",103,33,"Average",1
"479",2010,1212,"Central Air",3,2,0,0.1882,192100,"Baker-Butler","Sutherland","Albemarle",102.01,9,"Average",0
"480",1975,1026,"No Central Air",3,1,1,0.2501,169200,"Baker-Butler","Sutherland","Albemarle",102.01,44,"Average",0
"481",1870,950,"No Central Air",3,1,0,7.88,174800,"Brownsville","Henley","Western Albemarle",112.01,149,"Average",0
"482",2010,1600,"Central Air",3,2,2,0.047,276800,"Stone-Robinson","Burley","Monticello",105,9,"Average",0
"483",1997,6736,"Central Air",8,6,1,21,1027900,"Stony Point","Burley","Monticello",105,22,"Average",1
"484",1992,2559,"No Central Air",3,2,0,18.49,335700,"Stone-Robinson","Walton","Monticello",113.01,27,"Average",1
"485",2017,2862,"Central Air",3,3,0,0.134,616300,"Brownsville","Henley","Western Albemarle",111,2,"Average",1
"486",1969,1934,"Central Air",3,3,0,0.309,372800,"Greer","Jouett","Albemarle",108,50,"Average",1
"487",2015,1620,"Central Air",4,3,1,0.043,295500,"Baker-Butler","Sutherland","Albemarle",103,4,"Average",1
"488",1993,784,"Central Air",2,1,0,11.5,207200,"Brownsville","Henley","Western Albemarle",111,26,"Average",0
"489",1980,1008,"Central Air",2,1,1,0.156,166400,"Woodbrook","Jouett","Albemarle",107,39,"Average",1
"490",2016,2710,"Central Air",4,3,1,0.121,579200,"Agnor-Hurt","Burley","Albemarle",106.02,3,"Average",1
"491",1985,1972,"Central Air",3,3,1,2.01,421600,"Stone-Robinson","Burley","Monticello",104.02,34,"Average",1
"492",1960,2978,"Central Air",6,6,0,4.18,1810900,"Murray","Henley","Western Albemarle",110,59,"Average",1
"493",1980,5594,"Central Air",5,4,0,16.56,1131500,"Stony Point","Burley","Monticello",105,39,"Average",1
"494",1970,1386,"Central Air",4,3,1,0,219300,"Greer","Jouett","Albemarle",108,49,"Average",0
"495",1970,4890,"Central Air",7,5,2,3.232,860900,"Meriwether Lewis","Henley","Western Albemarle",110,49,"Average",1
"496",2000,4100,"Central Air",3,2,2,4.1,853700,"Meriwether Lewis","Henley","Western Albemarle",102.02,19,"Average",1
"497",2017,2587,"Central Air",3,2,1,0.1433,511000,"Agnor-Hurt","Burley","Albemarle",106.02,2,"Average",1
"498",1972,2165,"Central Air",4,2,1,1.3642,384900,"Woodbrook","Jouett","Albemarle",106.01,47,"Average",1
"499",1983,1210,"Central Air",3,2,1,2,274200,"Stone-Robinson","Burley","Monticello",104.02,36,"Average",0
"500",2007,3418,"Central Air",4,4,1,4.547,850100,"Baker-Butler","Sutherland","Albemarle",102.01,12,"Average",1
"501",1966,2684,"No Central Air",5,2,2,1.16,310500,"Brownsville","Henley","Western Albemarle",111,53,"Average",1
"502",2000,2078,"Central Air",3,3,0,2.5,356700,"Broadus Wood","Jouett","Albemarle",102.01,19,"Average",1
"503",1994,2040,"Central Air",4,3,1,0.309,443500,"Cale","Burley","Monticello",112.02,25,"Average",1
"504",2011,2352,"Central Air",3,3,1,0.674,469600,"Woodbrook","Jouett","Albemarle",106.01,8,"Average",1
"505",1986,1903,"Central Air",5,3,1,0,382400,"Stony Point","Burley","Monticello",105,33,"Average",1
"506",2015,1392,"Central Air",2,2,0,3.59,287300,"Stone-Robinson","Burley","Monticello",104.01,4,"Average",1
"507",1975,2273,"Central Air",4,3,0,1.537,507700,"Meriwether Lewis","Henley","Western Albemarle",110,44,"Average",1
"508",2017,2711,"Central Air",4,3,1,0.143,540900,"Brownsville","Henley","Western Albemarle",111,2,"Average",1
"509",1987,1771,"Central Air",3,2,1,0.472,375300,"Cale","Walton","Monticello",113.03,32,"Average",1
"510",1981,1230,"Central Air",3,1,1,0.088,167600,"Baker-Butler","Sutherland","Albemarle",102.01,38,"Average",1
"511",1969,1356,"Central Air",3,3,1,0,234900,"Greer","Jouett","Albemarle",108,50,"Average",1
"512",1980,2961,"Central Air",3,3,1,5.462,545000,"Crozet","Henley","Western Albemarle",101,39,"Average",1
"513",1993,960,"No Central Air",3,1,0,2.189,147100,"Scottsville","Walton","Monticello",114,26,"Average",1
"514",2017,3168,"Central Air",4,3,3,5,933200,"Crozet","Henley","Western Albemarle",101,2,"Average",1
"515",2006,1440,"Central Air",2,2,1,0.044,252800,"Brownsville","Henley","Western Albemarle",111,13,"Average",1
"516",2014,5655,"Central Air",4,5,2,4.397,1470700,"Murray","Henley","Western Albemarle",112.01,5,"Average",1
"517",2006,3261,"Central Air",4,4,1,3.095,640800,"Baker-Butler","Sutherland","Albemarle",102.01,13,"Average",1
"518",2018,1880,"Central Air",4,2,2,0.042,341500,"Cale","Walton","Monticello",113.03,1,"Average",0
"519",2007,1402,"Central Air",3,2,1,0.031,240700,"Baker-Butler","Sutherland","Albemarle",103,12,"Average",0
"520",1954,1152,"Central Air",3,1,0,0,313100,"Murray","Henley","Western Albemarle",110,65,"Average",0
"521",2010,1730,"Central Air",3,3,1,0.065,309600,"Stone-Robinson","Burley","Monticello",105,9,"Average",0
"522",1931,5954,"Central Air",5,5,1,3.2,2874800,"Murray","Henley","Western Albemarle",110,88,"Average",1
"523",2000,1610,"Central Air",3,2,0,6.535,237200,"Scottsville","Walton","Monticello",114,19,"Average",0
"524",1987,1566,"Central Air",3,2,0,0.941,258900,"Broadus Wood","Jouett","Albemarle",102.01,32,"Average",1
"525",2019,1680,"Central Air",3,3,1,0.134,366600,"Baker-Butler","Sutherland","Albemarle",102.01,0,"Average",1
"526",2002,2584,"Central Air",4,2,1,3.017,505300,"Murray","Henley","Western Albemarle",110,17,"Average",1
"527",2000,1487,"Central Air",3,2,1,0.061,247200,"Agnor-Hurt","Burley","Albemarle",106.02,19,"Average",1
"528",2006,2922,"Central Air",4,2,1,2.223,496300,"Baker-Butler","Sutherland","Albemarle",102.01,13,"Average",1
"529",1956,2655,"Central Air",3,1,1,1.256,176700,"Red Hill","Walton","Monticello",112.02,63,"Average",0
"530",1983,1185,"Central Air",3,2,0,2.319,295200,"Stone-Robinson","Burley","Monticello",104.02,36,"Average",1
"531",2009,1402,"Central Air",3,2,1,0.031,244500,"Baker-Butler","Sutherland","Albemarle",103,10,"Average",0
"532",2001,1973,"Central Air",2,2,0,0.273,431600,"Agnor-Hurt","Burley","Albemarle",106.02,18,"Average",1
"533",2015,3993,"Central Air",5,4,1,0.946,740000,"Cale","Walton","Monticello",112.02,4,"Average",1
"534",1972,2804,"Central Air",4,4,0,3,333200,"Stony Point","Burley","Monticello",105,47,"Average",1
"535",1972,1520,"Central Air",3,2,0,0,285300,"Agnor-Hurt","Burley","Albemarle",107,47,"Average",1
"536",1998,1120,"Central Air",2,2,0,2.783,170200,"Scottsville","Walton","Monticello",114,21,"Average",1
"537",1940,2576,"No Central Air",2,2,0,7.81,267900,"Stone-Robinson","Burley","Monticello",104.01,79,"Average",1
"538",2008,3368,"Central Air",4,3,1,4.77,739300,"Baker-Butler","Sutherland","Albemarle",103,11,"Average",1
"539",1991,1476,"Central Air",3,2,0,2,214000,"Baker-Butler","Sutherland","Albemarle",103,28,"Average",0
"540",1958,930,"No Central Air",2,1,0,124.05,750900,"Broadus Wood","Jouett","Albemarle",101,61,"Average",0
"541",1967,1624,"Central Air",4,2,0,0.44,239200,"Crozet","Henley","Western Albemarle",111,52,"Average",0
"542",1987,2252,"Central Air",3,3,0,4.75,556100,"Murray","Henley","Western Albemarle",110,32,"Average",1
"543",2004,2545,"Central Air",4,2,1,0.187,358200,"Baker-Butler","Sutherland","Albemarle",103,15,"Average",1
"544",2015,2112,"Central Air",4,3,1,0.124,418200,"Brownsville","Henley","Western Albemarle",111,4,"Average",1
"545",1992,1298,"Central Air",2,2,1,0,236400,"Agnor-Hurt","Burley","Albemarle",106.02,27,"Average",1
"546",1975,1500,"Central Air",4,2,0,1,202700,"Murray","Henley","Western Albemarle",110,44,"Average",0
"547",2014,2748,"Central Air",4,3,1,0.093,466500,"Baker-Butler","Sutherland","Albemarle",103,5,"Average",1
"548",1998,2927,"Central Air",4,3,1,0.312,519400,"Agnor-Hurt","Burley","Albemarle",106.02,21,"Average",1
"549",2008,1671,"Central Air",4,3,1,0.05,295800,"Baker-Butler","Sutherland","Albemarle",103,11,"Average",0
"550",1990,1268,"Central Air",2,2,0,0,223100,"Cale","Walton","Monticello",113.03,29,"Average",1
"551",2002,1760,"Central Air",2,2,0,0.232,407000,"Agnor-Hurt","Burley","Albemarle",106.02,17,"Average",1
"552",2005,2482,"Central Air",4,2,1,0.201,375800,"Cale","Walton","Monticello",113.03,14,"Average",1
"553",2008,4257,"Central Air",5,5,2,2.92,992500,"Brownsville","Henley","Western Albemarle",112.01,11,"Average",1
"554",1972,2060,"Central Air",3,2,1,0.548,339200,"Meriwether Lewis","Henley","Western Albemarle",101,47,"Average",1
"555",1984,2408,"Central Air",3,3,2,1.155,431600,"Stone-Robinson","Burley","Monticello",105,35,"Average",1
"556",1961,1109,"Central Air",3,2,0,0,232100,"Agnor-Hurt","Burley","Albemarle",107,58,"Average",0
"557",2009,1402,"Central Air",3,2,1,0.031,246400,"Baker-Butler","Sutherland","Albemarle",103,10,"Average",0
"558",1985,2518,"Central Air",4,2,1,3.725,540500,"Meriwether Lewis","Henley","Western Albemarle",101,34,"Average",1
"559",1906,1561,"Central Air",3,2,0,0.5,250000,"Crozet","Henley","Western Albemarle",111,113,"Average",0
"560",2001,2910,"Central Air",4,2,1,0.346,448100,"Agnor-Hurt","Burley","Albemarle",106.02,18,"Average",1
"561",1987,1736,"Central Air",3,2,1,3.01,377200,"Baker-Butler","Sutherland","Albemarle",103,32,"Average",1
"562",2003,4003,"Central Air",4,4,2,0.859,990100,"Stone-Robinson","Burley","Monticello",104.02,16,"Average",1
"563",1995,2704,"Central Air",5,3,1,0.399,518100,"Agnor-Hurt","Burley","Albemarle",106.02,24,"Average",1
"564",2015,5378,"Central Air",4,3,1,5.399,1664100,"Broadus Wood","Jouett","Albemarle",102.01,4,"Average",1
"565",2004,2098,"Central Air",4,2,1,0.376,406800,"Cale","Burley","Monticello",112.02,15,"Average",1
"566",2001,5743,"Central Air",4,4,2,21.106,1960400,"Red Hill","Walton","Monticello",112.02,18,"Average",1
"567",1972,1112,"No Central Air",3,2,1,7.14,232500,"Red Hill","Walton","Monticello",114,47,"Average",0
"568",1979,2099,"Central Air",2,2,0,5.06,396800,"Brownsville","Henley","Western Albemarle",112.01,40,"Average",0
"569",2006,2797,"Central Air",3,4,0,0.47,570200,"Cale","Walton","Monticello",112.02,13,"Average",1
"570",1969,1386,"Central Air",3,2,2,0,216700,"Greer","Jouett","Albemarle",108,50,"Average",0
"571",1985,1727,"Central Air",3,2,2,0.291,333900,"Woodbrook","Jouett","Albemarle",106.01,34,"Average",1
"572",2002,1296,"Central Air",2,2,1,2.48,209800,"Red Hill","Walton","Monticello",114,17,"Average",0
"573",1978,1295,"Central Air",3,1,0,7.178,269600,"Broadus Wood","Jouett","Albemarle",101,41,"Average",0
"574",1961,1510,"Central Air",3,2,0,2.14,308700,"Broadus Wood","Jouett","Albemarle",102.02,58,"Average",1
"575",1973,2656,"Central Air",4,3,0,0,363100,"Hollymead","Sutherland","Albemarle",103,46,"Average",1
"576",1981,2246,"Central Air",3,2,0,8.28,473900,"Broadus Wood","Jouett","Albemarle",102.01,38,"Average",1
"577",2000,2941,"Central Air",5,3,0,2.2,313800,"Stone-Robinson","Walton","Monticello",113.01,19,"Average",0
"578",2011,1322,"Central Air",2,2,0,0.091,366300,"Brownsville","Henley","Western Albemarle",111,8,"Average",1
"579",1994,1732,"Central Air",3,2,1,0.064,229800,"Baker-Butler","Sutherland","Albemarle",103,25,"Average",1
"580",2007,1786,"Central Air",3,2,1,0.047,284000,"Baker-Butler","Sutherland","Albemarle",103,12,"Average",1
"581",1985,1728,"Central Air",3,2,0,0,280100,"Broadus Wood","Jouett","Albemarle",102.02,34,"Average",1
"582",1981,2816,"Central Air",4,2,1,1.171,565200,"Meriwether Lewis","Henley","Western Albemarle",110,38,"Average",1
"583",1920,960,"Central Air",3,1,0,0.998,120100,"Red Hill","Walton","Monticello",114,99,"Average",0
"584",1973,1289,"Central Air",3,2,0,1.134,235800,"Stone-Robinson","Burley","Monticello",104.02,46,"Average",0
"585",2010,1942,"Central Air",4,3,1,0.062,305600,"Stone-Robinson","Burley","Monticello",105,9,"Average",0
"586",1988,1152,"Central Air",2,2,1,0,202300,"Greer","Jouett","Albemarle",107,31,"Average",1
"587",2012,1588,"Central Air",3,3,1,0.044,357000,"Agnor-Hurt","Burley","Albemarle",106.02,7,"Average",1
"588",2010,2362,"Central Air",4,3,1,2,469200,"Meriwether Lewis","Henley","Western Albemarle",110,9,"Average",1
"589",1965,1080,"Central Air",3,2,0,7.59,367400,"Meriwether Lewis","Henley","Western Albemarle",101,54,"Average",1
"590",2004,3071,"Central Air",3,2,1,2.56,600800,"Crozet","Henley","Western Albemarle",111,15,"Average",1
"591",1967,1740,"Central Air",5,3,0,1.2306,359300,"Woodbrook","Jouett","Albemarle",106.01,52,"Average",1
"592",1982,1157,"Central Air",3,2,0,0.2187,190300,"Baker-Butler","Sutherland","Albemarle",102.01,37,"Average",1
"593",1987,2048,"Central Air",4,2,1,3.008,354300,"Broadus Wood","Jouett","Albemarle",101,32,"Average",1
"594",2016,3658,"Central Air",5,6,1,23.7547,1406200,"Cale","Walton","Monticello",112.02,3,"Average",1
"595",1985,1707,"Central Air",3,2,1,0.121,251700,"Woodbrook","Jouett","Albemarle",107,34,"Average",1
"596",2001,2733,"Central Air",3,3,0,5.893,542700,"Broadus Wood","Jouett","Albemarle",102.02,18,"Average",1
"597",1930,1568,"No Central Air",3,2,0,5,202500,"Scottsville","Walton","Monticello",114,89,"Average",1
"598",1952,2082,"Central Air",4,2,1,2.219,471900,"Meriwether Lewis","Henley","Western Albemarle",110,67,"Average",1
"599",1998,3104,"Central Air",3,2,1,0.436,575400,"Agnor-Hurt","Burley","Albemarle",106.02,21,"Average",1
"600",1993,1267,"Central Air",2,2,0,0,210200,"Woodbrook","Jouett","Albemarle",106.01,26,"Average",1
"601",2005,3152,"Central Air",4,3,0,48.56,778400,"Red Hill","Walton","Monticello",113.01,14,"Average",0
"602",2004,2350,"Central Air",4,2,1,0.15,332600,"Baker-Butler","Sutherland","Albemarle",103,15,"Average",1
"603",1950,1133,"No Central Air",2,1,0,1.2,94400,"Red Hill","Walton","Monticello",112.01,69,"Average",0
"604",2001,2796,"Central Air",6,3,1,0.267,548000,"Agnor-Hurt","Burley","Albemarle",106.02,18,"Average",1
"605",1979,960,"No Central Air",3,1,0,2,182900,"Red Hill","Walton","Monticello",113.01,40,"Average",0
"606",1970,1080,"No Central Air",0,1,0,7.753,278500,"Broadus Wood","Jouett","Albemarle",101,49,"Average",0
"607",1978,1378,"Central Air",4,2,1,2.214,299800,"Crozet","Henley","Western Albemarle",111,41,"Average",1
"608",1840,3241,"Central Air",3,4,1,6.73,339900,"Scottsville","Walton","Monticello",114,179,"Average",1
"609",2013,1440,"Central Air",3,2,0,0.046,252600,"Stone-Robinson","Burley","Monticello",105,6,"Average",0
"610",2003,2627,"Central Air",5,4,0,2.8,493000,"Brownsville","Henley","Western Albemarle",112.01,16,"Average",1
"611",1973,1160,"Central Air",3,1,1,0,168800,"Cale","Burley","Monticello",113.02,46,"Average",0
"612",2004,3643,"Central Air",4,3,1,0.462,633000,"Stone-Robinson","Burley","Monticello",104.02,15,"Average",1
"613",2003,1296,"Central Air",2,2,1,0.026,217800,"Woodbrook","Jouett","Albemarle",106.01,16,"Average",1
"614",2005,2677,"Central Air",4,2,1,2.121,467900,"Baker-Butler","Sutherland","Albemarle",102.01,14,"Average",1
"615",1964,1705,"Central Air",4,3,1,0,374500,"Greer","Jouett","Albemarle",108,55,"Average",1
"616",2000,2994,"Central Air",4,2,1,0.267,488600,"Cale","Burley","Monticello",112.02,19,"Average",1
"617",1985,1404,"Central Air",3,2,0,2.191,291000,"Stone-Robinson","Burley","Monticello",104.02,34,"Average",1
"618",1994,1482,"Central Air",3,2,1,0,248000,"Baker-Butler","Sutherland","Albemarle",103,25,"Average",1
"619",1969,1386,"Central Air",4,3,1,0,220700,"Greer","Jouett","Albemarle",108,50,"Average",0
"620",2007,1224,"Central Air",2,2,1,0.033,190200,"Crozet","Henley","Western Albemarle",111,12,"Average",0
"621",2003,2208,"Central Air",4,2,1,0.127,408200,"Hollymead","Sutherland","Albemarle",103,16,"Average",1
"622",2015,3253,"Central Air",6,5,1,0.461,603100,"Stony Point","Burley","Monticello",105,4,"Average",1
"623",1985,1360,"Central Air",3,1,2,0,193700,"Agnor-Hurt","Jouett","Albemarle",107,34,"Average",1
"624",2002,3926,"Central Air",4,3,0,2.093,549200,"Broadus Wood","Jouett","Albemarle",102.01,17,"Average",1
"625",2012,2786,"Central Air",5,4,1,0.459,648500,"Brownsville","Henley","Western Albemarle",111,7,"Average",1
"626",2006,3634,"Central Air",5,5,1,0.234,768800,"Brownsville","Henley","Western Albemarle",111,13,"Average",1
"627",2006,3424,"Central Air",4,3,1,0.459,682100,"Cale","Walton","Monticello",112.02,13,"Average",1
"628",1977,2501,"Central Air",4,3,0,2.63,691200,"Murray","Henley","Western Albemarle",110,42,"Average",1
"629",2000,2280,"Central Air",3,2,1,3,337600,"Brownsville","Henley","Western Albemarle",112.01,19,"Average",1
"630",2003,1982,"Central Air",3,2,0,0.279,337400,"Baker-Butler","Sutherland","Albemarle",103,16,"Average",1
"631",2006,3744,"Central Air",4,4,1,28.533,1477400,"Crozet","Henley","Western Albemarle",111,13,"Average",1
"632",1978,1248,"Central Air",3,3,0,2.138,258900,"Broadus Wood","Jouett","Albemarle",102.02,41,"Average",1
"633",1987,2823,"Central Air",4,3,1,2.185,562200,"Broadus Wood","Jouett","Albemarle",102.02,32,"Average",1
"634",1961,1516,"No Central Air",3,2,0,0,213400,"Crozet","Henley","Western Albemarle",111,58,"Average",1
"635",1982,1467,"Central Air",2,2,1,0,234500,"Greer","Jouett","Albemarle",107,37,"Average",1
"636",1997,1788,"Central Air",3,2,1,0.347,313500,"Cale","Walton","Monticello",113.03,22,"Average",0
"637",2001,2580,"Central Air",3,2,1,0.248,430000,"Brownsville","Henley","Western Albemarle",111,18,"Average",1
"638",1975,2080,"Central Air",4,4,0,0,414300,"Meriwether Lewis","Henley","Western Albemarle",110,44,"Average",1
"639",1985,1118,"Central Air",3,1,2,0,177400,"Agnor-Hurt","Jouett","Albemarle",107,34,"Average",0
"640",1998,1449,"Central Air",3,3,1,0.09,210400,"Baker-Butler","Sutherland","Albemarle",102.01,21,"Average",1
"641",2019,3188,"Central Air",3,2,1,15.46,477600,"Stone-Robinson","Walton","Monticello",113.01,0,"Average",1
"642",1890,1338,"No Central Air",2,1,0,3.81,198600,"Broadus Wood","Jouett","Albemarle",102.01,129,"Average",0
"643",2004,1244,"Central Air",2,2,1,0.047,169100,"Crozet","Henley","Western Albemarle",111,15,"Average",0
"644",2017,2707,"Central Air",3,2,1,0.107,491500,"Brownsville","Henley","Western Albemarle",111,2,"Average",1
"645",1984,902,"Central Air",3,2,0,0,188800,"Woodbrook","Jouett","Albemarle",106.01,35,"Average",0
"646",1988,1728,"Central Air",2,2,0,0.379,224700,"Crozet","Henley","Western Albemarle",111,31,"Average",1
"647",1940,5589,"Central Air",4,5,0,66.21,2170200,"Stone-Robinson","Burley","Monticello",104.01,79,"Average",1
"648",1997,1988,"Central Air",3,2,1,0.226,344400,"Brownsville","Henley","Western Albemarle",111,22,"Average",1
"649",1992,3821,"Central Air",5,4,1,32.374,1071100,"Stone-Robinson","Burley","Monticello",104.01,27,"Average",1
"650",1959,1285,"Central Air",4,3,0,0,245900,"Agnor-Hurt","Burley","Albemarle",107,60,"Average",0
"651",1997,2910,"Central Air",3,2,1,1.227,667900,"Stone-Robinson","Burley","Monticello",105,22,"Average",1
"652",1984,1816,"Central Air",3,3,0,1.056,324400,"Broadus Wood","Jouett","Albemarle",102.01,35,"Average",0
"653",1993,1344,"Central Air",3,2,0,0,187300,"Agnor-Hurt","Burley","Albemarle",106.02,26,"Average",1
"654",2014,2510,"Central Air",5,3,1,0.223,564400,"Brownsville","Henley","Western Albemarle",111,5,"Average",1
"655",2003,2133,"Central Air",3,2,0,0.183,348000,"Baker-Butler","Sutherland","Albemarle",103,16,"Average",1
"656",1987,1408,"Central Air",3,2,0,22.2,468100,"Meriwether Lewis","Henley","Western Albemarle",101,32,"Average",0
"657",1987,1777,"Central Air",3,3,1,0.3925,368500,"Woodbrook","Jouett","Albemarle",106.01,32,"Average",1
"658",1920,1837,"No Central Air",3,1,0,4,205900,"Scottsville","Walton","Monticello",113.01,99,"Average",0
"659",2003,2035,"Central Air",4,2,1,0.254,360100,"Crozet","Henley","Western Albemarle",111,16,"Average",1
"660",1934,3268,"Central Air",4,1,1,13,597000,"Broadus Wood","Jouett","Albemarle",102.01,85,"Average",1
"661",1976,1310,"Central Air",3,2,1,0,291900,"Hollymead","Sutherland","Albemarle",103,43,"Average",1
"662",2004,1710,"Central Air",3,3,1,0.122,301000,"Cale","Walton","Monticello",113.03,15,"Average",1
"663",1960,960,"No Central Air",3,2,0,0.505,195400,"Crozet","Henley","Western Albemarle",111,59,"Average",0
"664",2007,3340,"Central Air",4,3,1,2.791,727100,"Stone-Robinson","Burley","Monticello",105,12,"Average",1
"665",2000,2876,"Central Air",3,2,1,32.735,909000,"Meriwether Lewis","Henley","Western Albemarle",101,19,"Average",1
"666",1978,1612,"Central Air",3,2,0,2.064,316900,"Stone-Robinson","Burley","Monticello",104.02,41,"Average",1
"667",1975,2734,"Central Air",4,3,0,2.6,798500,"Greer","Jouett","Albemarle",108,44,"Average",1
"668",1974,960,"No Central Air",3,1,0,1.822,142100,"Scottsville","Walton","Monticello",114,45,"Average",0
"669",1975,1276,"Central Air",3,2,1,1.353,613000,"Murray","Henley","Western Albemarle",110,44,"Average",1
"670",1983,2922,"Central Air",5,3,0,1.07,527700,"Stone-Robinson","Burley","Monticello",105,36,"Average",1
"671",1988,1476,"No Central Air",3,2,0,5.6,252900,"Crozet","Henley","Western Albemarle",101,31,"Average",1
"672",2014,1280,"Central Air",4,3,1,0.084,273200,"Stone-Robinson","Burley","Monticello",105,5,"Average",0
"673",1960,896,"No Central Air",2,1,0,2.95,84900,"Scottsville","Walton","Monticello",114,59,"Average",0
"674",1982,406,"No Central Air",0,1,0,2,122700,"Stony Point","Burley","Monticello",105,37,"Average",1
"675",2003,1941,"Central Air",4,3,1,0.114,308300,"Hollymead","Sutherland","Albemarle",103,16,"Average",1
"676",1997,1404,"Central Air",3,2,0,3.21,243300,"Red Hill","Walton","Monticello",114,22,"Average",1
"677",2019,4192,"Central Air",6,5,1,0.46,955800,"Brownsville","Henley","Western Albemarle",111,0,"Average",1
"678",1992,927,"Central Air",2,2,0,0,165100,"Greer","Jouett","Albemarle",107,27,"Average",1
"679",1982,1958,"Central Air",1,2,1,5.03,351900,"Broadus Wood","Jouett","Albemarle",102.01,37,"Average",1
"680",1994,1893,"Central Air",2,2,1,0.151,269700,"Crozet","Henley","Western Albemarle",111,25,"Average",1
"681",1904,2735,"Central Air",3,1,1,149.971,1071400,"Scottsville","Walton","Monticello",114,115,"Average",1
"682",2007,2983,"Central Air",3,3,1,4.361,1033700,"Meriwether Lewis","Henley","Western Albemarle",110,12,"Average",1
"683",2004,2224,"Central Air",4,2,1,0.073,310200,"Brownsville","Henley","Western Albemarle",111,15,"Average",1
"684",1992,1648,"Central Air",3,2,0,7.195,363600,"Meriwether Lewis","Henley","Western Albemarle",101,27,"Average",1
"685",1988,1152,"Central Air",2,2,1,0,201200,"Greer","Jouett","Albemarle",107,31,"Average",1
"686",1988,2272,"Central Air",4,2,1,0.269,361200,"Woodbrook","Jouett","Albemarle",106.01,31,"Average",1
"687",2007,2582,"Central Air",3,2,1,2.301,373800,"Stone-Robinson","Burley","Monticello",104.02,12,"Average",1
"688",1990,1322,"Central Air",3,2,1,0.087,177600,"Baker-Butler","Sutherland","Albemarle",102.01,29,"Average",1
"689",2009,1660,"Central Air",3,3,0,0.067,314700,"Baker-Butler","Sutherland","Albemarle",103,10,"Average",0
"690",2016,3720,"Central Air",5,4,1,2.9065,909600,"Meriwether Lewis","Henley","Western Albemarle",110,3,"Average",1
"691",1972,1140,"Central Air",3,1,1,0,170700,"Cale","Burley","Monticello",113.02,47,"Average",0
"692",1996,1299,"Central Air",3,2,1,10,416100,"Crozet","Henley","Western Albemarle",101,23,"Average",1
"693",1988,2048,"Central Air",4,2,1,0.256,340900,"Woodbrook","Jouett","Albemarle",106.01,31,"Average",1
"694",2002,2482,"Central Air",4,2,1,0.28,444900,"Brownsville","Henley","Western Albemarle",111,17,"Average",1
"695",1995,3147,"Central Air",4,2,1,7.583,587000,"Meriwether Lewis","Henley","Western Albemarle",110,24,"Average",1
"696",1987,2274,"Central Air",3,2,1,1.497,392200,"Broadus Wood","Jouett","Albemarle",102.01,32,"Average",1
"697",1965,1440,"Central Air",3,2,1,5.33,283800,"Cale","Walton","Monticello",113.01,54,"Average",1
"698",1977,2214,"Central Air",4,3,1,2.02,486400,"Meriwether Lewis","Henley","Western Albemarle",110,42,"Average",1
"699",2003,1958,"Central Air",3,3,0,0.17,523900,"Agnor-Hurt","Burley","Albemarle",106.02,16,"Average",1
"700",1975,1740,"No Central Air",3,2,0,13.878,342400,"Broadus Wood","Jouett","Albemarle",101,44,"Average",0
"701",2011,2200,"Central Air",4,3,1,0.073,453000,"Brownsville","Henley","Western Albemarle",111,8,"Average",1
"702",2008,4873,"Central Air",4,4,1,4.071,713700,"Meriwether Lewis","Henley","Western Albemarle",101,11,"Average",1
"703",2009,3640,"Central Air",3,3,1,0.131,602400,"Agnor-Hurt","Burley","Albemarle",106.02,10,"Average",1
"704",1972,1528,"Central Air",3,2,0,0.561,229300,"Broadus Wood","Jouett","Albemarle",102.01,47,"Average",0
"705",1980,884,"No Central Air",2,1,0,2.256,96000,"Scottsville","Walton","Monticello",114,39,"Average",0
"706",2004,2261,"Central Air",4,2,1,0.268,356600,"Brownsville","Henley","Western Albemarle",111,15,"Average",1
"707",2005,3356,"Central Air",4,4,1,1.829,692900,"Broadus Wood","Jouett","Albemarle",102.01,14,"Average",1
"708",1835,2808,"Central Air",5,1,0,75.11,350200,"Scottsville","Walton","Monticello",114,184,"Average",1
"709",2005,4137,"Central Air",5,4,1,0.579,869300,"Stone-Robinson","Burley","Monticello",104.02,14,"Average",1
"710",2004,2951,"Central Air",5,4,1,4.42,608200,"Broadus Wood","Jouett","Albemarle",101,15,"Average",1
"711",1974,1008,"No Central Air",3,1,0,0,174800,"Crozet","Henley","Western Albemarle",111,45,"Average",0
"712",1984,880,"Central Air",2,1,0,0,195200,"Agnor-Hurt","Burley","Albemarle",106.02,35,"Average",1
"713",2005,5294,"Central Air",6,6,1,6.47,1508100,"Murray","Henley","Western Albemarle",112.02,14,"Average",1
"714",1992,1118,"Central Air",2,2,0,0.109,240100,"Cale","Walton","Monticello",113.01,27,"Average",0
"715",1996,1152,"Central Air",2,1,0,0.039,189600,"Woodbrook","Jouett","Albemarle",106.01,23,"Average",0
"716",2011,1722,"Central Air",3,2,2,0.091,299400,"Stone-Robinson","Burley","Monticello",105,8,"Average",1
"717",1987,2098,"Central Air",4,2,1,2.001,343300,"Baker-Butler","Sutherland","Albemarle",102.01,32,"Average",1
"718",2014,1600,"Central Air",3,3,1,0.043,301400,"Baker-Butler","Sutherland","Albemarle",103,5,"Average",1
"719",1993,1875,"Central Air",3,2,0,0.172,264100,"Crozet","Henley","Western Albemarle",111,26,"Average",1
"720",1960,1073,"Central Air",3,1,0,0,227200,"Agnor-Hurt","Burley","Albemarle",107,59,"Average",0
"721",1999,1579,"Central Air",3,2,1,0.201,326600,"Cale","Burley","Monticello",112.02,20,"Average",1
"722",2018,1961,"Central Air",4,3,1,0.048,480900,"Brownsville","Henley","Western Albemarle",111,1,"Average",0
"723",1956,1860,"Central Air",3,2,0,0.606,325400,"Crozet","Henley","Western Albemarle",111,63,"Average",1
"724",2011,1440,"Central Air",3,2,1,0.038,252400,"Brownsville","Henley","Western Albemarle",111,8,"Average",0
"725",2007,3237,"Central Air",3,3,0,5.416,572000,"Stony Point","Sutherland","Albemarle",104.01,12,"Average",1
"726",1972,1013,"Central Air",4,2,0,0,237400,"Woodbrook","Jouett","Albemarle",107,47,"Average",1
"727",2003,2917,"Central Air",4,3,0,2.79,517300,"Broadus Wood","Jouett","Albemarle",102.01,16,"Average",1
"728",2015,1932,"Central Air",3,2,0,0.214,452500,"Agnor-Hurt","Burley","Albemarle",106.02,4,"Average",0
"729",2006,2112,"Central Air",3,2,1,0.337,359900,"Cale","Burley","Monticello",113.02,13,"Average",1
"730",1977,3378,"Central Air",5,5,0,4.48,569300,"Broadus Wood","Jouett","Albemarle",102.02,42,"Average",1
"731",2019,1584,"Central Air",3,3,1,0.036,316900,"Cale","Walton","Monticello",113.03,0,"Average",0
"732",2008,3121,"Central Air",4,4,1,5.65,1016700,"Murray","Henley","Western Albemarle",112.01,11,"Average",1
"733",2007,1564,"Central Air",3,2,1,0.041,271500,"Cale","Walton","Monticello",113.01,12,"Average",0
"734",2017,2040,"Central Air",4,4,1,0.074,391700,"Stone-Robinson","Burley","Monticello",105,2,"Average",0
"735",1969,1390,"Central Air",3,1,0,0,228600,"Crozet","Henley","Western Albemarle",111,50,"Average",1
"736",2003,2002,"Central Air",4,3,1,0.276,421900,"Cale","Walton","Monticello",113.01,16,"Average",1
"737",1975,960,"No Central Air",3,1,0,2,144600,"Scottsville","Walton","Monticello",113.01,44,"Average",0
"738",2004,3037,"Central Air",4,3,1,0.419,545400,"Cale","Burley","Monticello",112.02,15,"Average",1
"739",1971,1250,"Central Air",3,2,0,0.81,217500,"Stone-Robinson","Burley","Monticello",104.02,48,"Average",1
"740",2013,1932,"Central Air",3,2,1,0.073,314900,"Stone-Robinson","Burley","Monticello",105,6,"Average",0
"741",1993,3610,"Central Air",3,3,1,5,474200,"Stone-Robinson","Walton","Monticello",113.01,26,"Average",1
"742",1974,1170,"No Central Air",3,2,1,1.5,258100,"Crozet","Henley","Western Albemarle",111,45,"Average",1
"743",1967,2491,"Central Air",4,3,1,1.404,1796200,"Murray","Henley","Western Albemarle",110,52,"Average",1
"744",2003,3278,"Central Air",4,4,1,0.918,646600,"Stone-Robinson","Burley","Monticello",105,16,"Average",1
"745",1973,2479,"Central Air",3,2,1,0,408300,"Meriwether Lewis","Henley","Western Albemarle",110,46,"Average",1
"746",2012,2584,"Central Air",4,3,0,0.356,743000,"Stone-Robinson","Burley","Monticello",104.02,7,"Average",1
"747",1975,1984,"Central Air",3,3,1,1.06,388400,"Meriwether Lewis","Henley","Western Albemarle",110,44,"Average",1
"748",2004,1408,"Central Air",4,3,0,2,289100,"Red Hill","Walton","Monticello",112.02,15,"Average",1
"749",1999,2453,"Central Air",4,3,0,0.356,442100,"Cale","Walton","Monticello",113.01,20,"Average",1
"750",1979,2092,"Central Air",4,3,1,1.05,471700,"Murray","Henley","Western Albemarle",110,40,"Average",1
"751",1985,2255,"Central Air",3,3,0,2.04,450300,"Cale","Walton","Monticello",112.02,34,"Average",1
"752",2006,2908,"Central Air",4,3,1,2.273,490900,"Broadus Wood","Jouett","Albemarle",102.02,13,"Average",1
"753",1980,1403,"Central Air",3,1,0,2.017,319400,"Stone-Robinson","Burley","Monticello",104.02,39,"Average",0
"754",2019,2134,"Central Air",4,3,1,0.126,447800,"Stone-Robinson","Burley","Monticello",105,0,"Average",1
"755",1999,1400,"Central Air",3,2,1,0.138,244800,"Cale","Walton","Monticello",113.03,20,"Average",1
"756",2006,3750,"Central Air",6,4,0,0.485,684800,"Hollymead","Sutherland","Albemarle",103,13,"Average",1
"757",2003,1350,"Central Air",3,2,0,2.141,176100,"Scottsville","Walton","Monticello",114,16,"Average",0
"758",1968,1450,"Central Air",3,3,0,0.4019,362400,"Woodbrook","Jouett","Albemarle",106.01,51,"Average",1
"759",1999,1120,"Central Air",3,3,0,0.082,285400,"Agnor-Hurt","Burley","Albemarle",106.02,20,"Average",1
"760",1987,1440,"Central Air",3,2,1,0.1886,284000,"Cale","Burley","Monticello",113.03,32,"Average",1
"761",1988,2118,"Central Air",3,2,0,14.623,659900,"Broadus Wood","Jouett","Albemarle",101,31,"Average",1
"762",1995,2109,"Central Air",4,2,1,0.425,387200,"Agnor-Hurt","Burley","Albemarle",106.02,24,"Average",1
"763",2018,3755,"Central Air",5,5,1,0.184,911000,"Brownsville","Henley","Western Albemarle",111,1,"Average",1
"764",2002,1719,"Central Air",3,2,1,0.104,275000,"Hollymead","Sutherland","Albemarle",103,17,"Average",1
"765",1974,1128,"Central Air",3,1,0,3.072,187300,"Brownsville","Henley","Western Albemarle",112.01,45,"Average",1
"766",1978,2022,"Central Air",3,2,0,2,230800,"Scottsville","Walton","Monticello",114,41,"Average",1
"767",1990,1092,"No Central Air",3,2,0,3.574,200300,"Stone-Robinson","Walton","Monticello",113.01,29,"Average",0
"768",2010,1730,"Central Air",3,2,1,0.065,306300,"Stone-Robinson","Burley","Monticello",105,9,"Average",0
"769",1984,1312,"Central Air",3,1,2,0,185000,"Agnor-Hurt","Jouett","Albemarle",107,35,"Average",1
"770",2002,2037,"Central Air",3,2,2,0.13,305800,"Brownsville","Henley","Western Albemarle",111,17,"Average",1
"771",1986,1596,"Central Air",4,2,0,2,191000,"Stone-Robinson","Walton","Monticello",104.02,33,"Average",1
"772",2015,1953,"Central Air",4,3,0,0.465,632100,"Stony Point","Burley","Monticello",105,4,"Average",1
"773",1940,2484,"Central Air",3,3,1,0.904,657700,"Greer","Jouett","Albemarle",108,79,"Average",1
"774",1966,1072,"Central Air",3,2,1,0.3575,259600,"Woodbrook","Jouett","Albemarle",106.01,53,"Average",1
"775",2019,1988,"Central Air",3,2,1,0.116,432500,"Brownsville","Henley","Western Albemarle",111,0,"Average",0
"776",1974,2398,"Central Air",4,4,1,2.096,389400,"Cale","Walton","Monticello",113.01,45,"Average",1
"777",1997,2286,"Central Air",4,2,1,0.263,392400,"Agnor-Hurt","Burley","Albemarle",106.02,22,"Average",1
"778",1971,1421,"Central Air",5,3,0,0,300300,"Baker-Butler","Sutherland","Albemarle",103,48,"Average",1
"779",1958,2048,"Central Air",4,3,0,1.75,432900,"Greer","Jouett","Albemarle",108,61,"Average",1
"780",1980,1674,"Central Air",3,2,1,3.701,347200,"Murray","Henley","Western Albemarle",110,39,"Average",1
"781",1974,960,"Central Air",3,1,0,0,169800,"Crozet","Henley","Western Albemarle",111,45,"Average",0
"782",2013,1792,"Central Air",3,2,0,2.588,278500,"Crozet","Henley","Western Albemarle",101,6,"Average",1
"783",1971,1785,"Central Air",3,2,0,0,298900,"Meriwether Lewis","Henley","Western Albemarle",102.02,48,"Average",1
"784",2007,4594,"Central Air",4,4,2,2.494,1359000,"Stone-Robinson","Burley","Monticello",104.01,12,"Average",1
"785",2012,2150,"Central Air",4,3,1,0.6603,460000,"Woodbrook","Jouett","Albemarle",106.01,7,"Average",1
"786",2007,1572,"Central Air",3,2,1,0.039,276800,"Brownsville","Henley","Western Albemarle",111,12,"Average",1
"787",1930,2744,"No Central Air",3,2,1,13.003,248300,"Red Hill","Walton","Monticello",112.01,89,"Average",1
"788",2019,2111,"Central Air",4,3,0,0.127,468200,"Stone-Robinson","Burley","Monticello",104.02,0,"Average",0
"789",1998,2252,"Central Air",4,3,1,1.395,514200,"Murray","Henley","Western Albemarle",110,21,"Average",1
"790",1998,2784,"Central Air",5,2,1,0.337,464700,"Agnor-Hurt","Burley","Albemarle",106.02,21,"Average",1
"791",1983,1312,"Central Air",3,1,2,0.073,185200,"Baker-Butler","Sutherland","Albemarle",102.01,36,"Average",1
"792",2008,4001,"Central Air",5,4,1,6.755,1015100,"Murray","Henley","Western Albemarle",110,11,"Average",1
"793",1982,1312,"Central Air",3,1,2,0.109,246900,"Greer","Jouett","Albemarle",108,37,"Average",1
"794",1972,1428,"Central Air",3,1,1,0,166800,"Agnor-Hurt","Burley","Albemarle",107,47,"Average",0
"795",1974,2221,"No Central Air",3,2,0,5.9,433400,"Stony Point","Burley","Monticello",105,45,"Average",1
"796",1950,4159,"Central Air",3,4,1,4.4,2178200,"Murray","Henley","Western Albemarle",110,69,"Average",1
"797",2015,1644,"Central Air",4,3,1,0.1009,338600,"Brownsville","Henley","Western Albemarle",111,4,"Average",0
"798",2006,2290,"Central Air",3,2,1,5,403900,"Murray","Henley","Western Albemarle",112.01,13,"Average",1
"799",2013,2796,"Central Air",4,3,1,2.574,858000,"Meriwether Lewis","Henley","Western Albemarle",102.02,6,"Average",1
"800",1965,1445,"Central Air",2,1,0,1,157500,"Stone-Robinson","Burley","Monticello",104.01,54,"Average",0
"801",2005,2313,"Central Air",4,2,1,0.232,325400,"Baker-Butler","Sutherland","Albemarle",103,14,"Average",1
"802",1990,1666,"Central Air",3,2,1,0.266,296500,"Baker-Butler","Sutherland","Albemarle",103,29,"Average",1
"803",1982,1377,"Central Air",3,2,0,1.576,286800,"Broadus Wood","Jouett","Albemarle",102.01,37,"Average",1
"804",2001,5668,"Central Air",4,5,2,6.38,1280900,"Meriwether Lewis","Henley","Western Albemarle",102.02,18,"Average",1
"805",1996,2449,"Central Air",5,3,1,0.35,439000,"Hollymead","Sutherland","Albemarle",103,23,"Average",1
"806",1908,2009,"Central Air",3,2,0,0.516,318900,"Crozet","Henley","Western Albemarle",111,111,"Average",0
"807",2001,3861,"Central Air",4,5,0,21.48,1140600,"Stone-Robinson","Burley","Monticello",104.02,18,"Average",1
"808",1959,1080,"Central Air",3,1,1,0.456,246700,"Crozet","Henley","Western Albemarle",111,60,"Average",1
"809",1985,2184,"Central Air",3,2,1,0.226,353800,"Woodbrook","Jouett","Albemarle",106.01,34,"Average",1
"810",2007,4352,"Central Air",6,2,2,10,656900,"Broadus Wood","Jouett","Albemarle",102.01,12,"Average",1
"811",1996,1456,"Central Air",3,2,0,14.086,232600,"Scottsville","Walton","Monticello",113.01,23,"Average",1
"812",2001,2139,"Central Air",4,3,1,0.53,571600,"Stone-Robinson","Burley","Monticello",104.02,18,"Average",1
"813",1972,1372,"Central Air",2,2,0,2,167800,"Crozet","Henley","Western Albemarle",101,47,"Average",0
"814",2017,1898,"Central Air",3,3,1,0.055,341100,"Baker-Butler","Sutherland","Albemarle",103,2,"Average",0
"815",2005,1824,"Central Air",3,2,1,0.056,302600,"Woodbrook","Jouett","Albemarle",106.01,14,"Average",1
"816",2008,1996,"Central Air",3,2,1,4,368400,"Broadus Wood","Jouett","Albemarle",101,11,"Average",0
"817",2009,1426,"Central Air",3,3,1,0.082,291800,"Baker-Butler","Sutherland","Albemarle",103,10,"Average",0
"818",1993,1884,"Central Air",3,2,1,0.294,384900,"Cale","Walton","Monticello",113.01,26,"Average",1
"819",1987,1608,"Central Air",4,2,0,0.377,323100,"Cale","Walton","Monticello",113.03,32,"Average",1
"820",2002,1933,"Central Air",4,3,1,0.17,421500,"Cale","Burley","Monticello",112.02,17,"Average",1
"821",1967,1632,"Central Air",4,2,0,2.242,347600,"Meriwether Lewis","Henley","Western Albemarle",102.02,52,"Average",1
"822",1988,1074,"Central Air",3,2,1,0.385,251000,"Crozet","Henley","Western Albemarle",111,31,"Average",1
"823",2007,2707,"Central Air",4,3,1,0.197,559300,"Brownsville","Henley","Western Albemarle",111,12,"Average",1
"824",2015,3232,"Central Air",5,3,1,0.574,638000,"Stony Point","Burley","Monticello",105,4,"Average",1
"825",1979,1276,"Central Air",3,2,1,0.174,291100,"Agnor-Hurt","Burley","Albemarle",106.02,40,"Average",1
"826",1988,2164,"Central Air",3,1,0,3.163,418700,"Meriwether Lewis","Henley","Western Albemarle",101,31,"Average",1
"827",2004,6038,"Central Air",4,4,0,27.55,1605600,"Baker-Butler","Sutherland","Albemarle",104.01,15,"Average",1
"828",1991,2164,"Central Air",3,2,0,4.242,227300,"Scottsville","Walton","Monticello",114,28,"Average",0
"829",1998,2209,"Central Air",4,3,1,0.302,407500,"Cale","Burley","Monticello",112.02,21,"Average",1
"830",2007,1564,"Central Air",3,2,1,0.041,269600,"Cale","Walton","Monticello",113.01,12,"Average",0
"831",1995,3081,"Central Air",4,2,1,0.442,494000,"Agnor-Hurt","Burley","Albemarle",106.02,24,"Average",1
"832",2015,5577,"Central Air",5,4,1,23.77,2090800,"Brownsville","Henley","Western Albemarle",112.01,4,"Average",1
"833",1992,2198,"Central Air",3,2,1,2.1,324100,"Broadus Wood","Jouett","Albemarle",101,27,"Average",1
"834",1960,1828,"Central Air",4,3,0,5,508600,"Crozet","Henley","Western Albemarle",101,59,"Average",1
"835",2007,1587,"Central Air",3,2,1,0.069,297500,"Cale","Walton","Monticello",113.01,12,"Average",0
"836",2015,4006,"Central Air",4,3,2,3.103,1064600,"Murray","Henley","Western Albemarle",112.02,4,"Average",1
"837",2014,2307,"Central Air",3,2,1,0,637900,"Stony Point","Burley","Monticello",105,5,"Average",1
"838",2007,1296,"Central Air",2,2,0,0.029,374600,"Greer","Jouett","Albemarle",109.02,12,"Average",1
"839",1979,5902,"Central Air",4,4,2,3.27,2459600,"Murray","Henley","Western Albemarle",110,40,"Average",1
"840",2001,2614,"Central Air",4,2,1,4.151,449000,"Meriwether Lewis","Henley","Western Albemarle",110,18,"Average",1
"841",2006,3044,"Central Air",5,4,1,0.474,536200,"Cale","Walton","Monticello",112.02,13,"Average",1
"842",1974,1364,"Central Air",3,3,0,0.658,264100,"Stony Point","Burley","Monticello",105,45,"Average",1
"843",1998,1512,"Central Air",3,2,0,2.04,194400,"Scottsville","Walton","Monticello",114,21,"Average",0
"844",2001,1506,"Central Air",2,2,0,0.12,272000,"Hollymead","Sutherland","Albemarle",103,18,"Average",1
"845",2005,3043,"Central Air",4,3,1,3.547,1113600,"Murray","Henley","Western Albemarle",112.02,14,"Average",1
"846",2014,3101,"Central Air",4,3,1,0.474,653600,"Stony Point","Burley","Monticello",105,5,"Average",1
"847",1990,1406,"Central Air",3,2,1,0,225100,"Cale","Walton","Monticello",113.03,29,"Average",1
"848",1999,2037,"Central Air",3,2,0,0.224,410600,"Cale","Burley","Monticello",112.02,20,"Average",0
"849",1998,3950,"Central Air",3,3,1,4.4,932500,"Greer","Jouett","Albemarle",110,21,"Average",1
"850",1970,384,"No Central Air",0,0,0,7.19,153000,"Crozet","Henley","Western Albemarle",112.01,49,"Average",1
"851",2003,1741,"Central Air",3,2,1,0.179,277300,"Cale","Walton","Monticello",113.01,16,"Average",1
"852",2001,2611,"Central Air",3,2,0,1.38,581100,"Broadus Wood","Jouett","Albemarle",102.01,18,"Average",1
"853",2015,4248,"Central Air",4,4,1,5.93,790600,"Broadus Wood","Jouett","Albemarle",102.01,4,"Average",1
"854",1830,4384,"Central Air",5,3,1,40.258,1057200,"Meriwether Lewis","Henley","Western Albemarle",101,189,"Average",1
"855",1988,2668,"Central Air",5,3,1,3.697,572900,"Broadus Wood","Jouett","Albemarle",102.02,31,"Average",1
"856",1976,2823,"Central Air",3,2,1,2.039,531100,"Meriwether Lewis","Henley","Western Albemarle",110,43,"Average",1
"857",1989,1680,"Central Air",3,2,0,5.384,387000,"Stony Point","Burley","Monticello",105,30,"Average",0
"858",1940,3099,"Central Air",3,2,0,11.201,525800,"Cale","Walton","Monticello",104.02,79,"Average",1
"859",2005,3041,"Central Air",4,3,1,1.35,590100,"Baker-Butler","Sutherland","Albemarle",103,14,"Average",1
"860",1980,1393,"Central Air",3,2,0,4.91,316900,"Baker-Butler","Sutherland","Albemarle",102.01,39,"Average",1
"861",2002,1817,"Central Air",3,3,0,0.159,284000,"Hollymead","Sutherland","Albemarle",103,17,"Average",1
"862",1950,1870,"Central Air",4,2,0,1,102600,"Scottsville","Walton","Monticello",114,69,"Average",0
"863",1906,990,"No Central Air",3,1,0,51.04,399700,"Broadus Wood","Jouett","Albemarle",101,113,"Average",0
"864",1969,1510,"Central Air",4,2,1,0,358900,"Greer","Jouett","Albemarle",108,50,"Average",1
"865",1982,1074,"Central Air",3,2,1,0.121,249200,"Woodbrook","Jouett","Albemarle",107,37,"Average",1
"866",2000,2028,"Central Air",4,2,1,3.45,311400,"Brownsville","Henley","Western Albemarle",112.01,19,"Average",0
"867",2001,2554,"Central Air",4,3,1,0.284,421300,"Brownsville","Henley","Western Albemarle",111,18,"Average",1
"868",1982,1152,"Central Air",3,2,0,0.92,107900,"Scottsville","Walton","Monticello",114,37,"Average",0
"869",2018,4358,"Central Air",6,5,1,0.459,860600,"Cale","Burley","Monticello",112.02,1,"Average",1
"870",1966,2551,"Central Air",4,4,2,5.294,723500,"Brownsville","Henley","Western Albemarle",111,53,"Average",1
"871",1978,1587,"Central Air",2,2,0,3.639,294400,"Stony Point","Sutherland","Albemarle",104.01,41,"Average",0
"872",1973,960,"No Central Air",3,1,1,2.009,160700,"Stone-Robinson","Walton","Monticello",113.01,46,"Average",1
"873",1994,1008,"Central Air",3,1,1,2.06,161700,"Scottsville","Walton","Monticello",113.01,25,"Average",0
"874",1973,2790,"Central Air",4,2,0,0,307100,"Agnor-Hurt","Burley","Albemarle",107,46,"Average",1
"875",1986,1802,"Central Air",3,2,1,0.149,259600,"Woodbrook","Jouett","Albemarle",107,33,"Average",1
"876",1982,2088,"Central Air",4,2,1,1.856,431400,"Meriwether Lewis","Henley","Western Albemarle",110,37,"Average",0
"877",1960,2101,"Central Air",4,2,1,0.3443,278500,"Woodbrook","Jouett","Albemarle",106.01,59,"Average",1
"878",1984,1100,"Central Air",3,2,0,0.47,237000,"Baker-Butler","Sutherland","Albemarle",103,35,"Average",1
"879",1991,1564,"Central Air",3,2,0,0.315,316100,"Baker-Butler","Sutherland","Albemarle",103,28,"Average",1
"880",1995,2273,"Central Air",4,2,1,0.407,388400,"Cale","Burley","Monticello",112.02,24,"Average",1
"881",1973,960,"No Central Air",4,2,0,2.002,234100,"Stony Point","Sutherland","Albemarle",104.01,46,"Average",1
"882",2002,2429,"Central Air",4,2,1,3.69,457400,"Broadus Wood","Jouett","Albemarle",102.01,17,"Average",1
"883",1997,3758,"Central Air",4,3,2,2.152,769400,"Stone-Robinson","Burley","Monticello",104.01,22,"Average",1
"884",2010,2236,"Central Air",4,2,1,0.113,389500,"Brownsville","Henley","Western Albemarle",111,9,"Average",1
"885",1970,2670,"Central Air",3,4,0,1.57,663900,"Greer","Jouett","Albemarle",108,49,"Average",1
"886",2007,2516,"Central Air",4,2,1,0.22,538000,"Brownsville","Henley","Western Albemarle",111,12,"Average",1
"887",1994,1567,"Central Air",3,2,0,0.329,383800,"Cale","Walton","Monticello",113.01,25,"Average",1
"888",1972,4641,"Central Air",5,4,1,2.73,847100,"Meriwether Lewis","Henley","Western Albemarle",110,47,"Average",1
"889",1967,1764,"Central Air",4,3,0,1.1118,352300,"Woodbrook","Jouett","Albemarle",106.01,52,"Average",1
"890",1976,1786,"Central Air",3,3,0,0,324600,"Murray","Henley","Western Albemarle",110,43,"Average",1
"891",1994,1202,"Central Air",2,3,1,0.036,241400,"Agnor-Hurt","Burley","Albemarle",106.02,25,"Average",1
"892",2012,1440,"Central Air",3,2,1,0.037,275100,"Brownsville","Henley","Western Albemarle",111,7,"Average",0
"893",1973,960,"No Central Air",3,1,0,2,163700,"Baker-Butler","Sutherland","Albemarle",103,46,"Average",0
"894",1983,1482,"Central Air",3,2,0,0.168,263100,"Greer","Jouett","Albemarle",108,36,"Average",1
"895",2016,3768,"Central Air",4,4,2,0.46,746600,"Brownsville","Henley","Western Albemarle",111,3,"Average",0
"896",1991,987,"No Central Air",3,1,1,2.697,120100,"Stone-Robinson","Burley","Monticello",104.01,28,"Average",0
"897",1979,2000,"Central Air",4,2,1,2.02,482800,"Meriwether Lewis","Henley","Western Albemarle",110,40,"Average",1
"898",1980,1133,"Central Air",3,1,1,0,279200,"Hollymead","Sutherland","Albemarle",103,39,"Average",1
"899",2000,2538,"Central Air",5,3,1,0.378,477800,"Hollymead","Sutherland","Albemarle",103,19,"Average",1
"900",1956,832,"No Central Air",2,1,0,0.525,155600,"Murray","Henley","Western Albemarle",110,63,"Average",0
"901",2009,2021,"Central Air",3,2,1,0.154,327300,"Brownsville","Henley","Western Albemarle",111,10,"Average",1
"902",2007,1402,"Central Air",3,2,1,0.046,257900,"Baker-Butler","Sutherland","Albemarle",103,12,"Average",0
"903",1978,1760,"Central Air",3,2,0,0,373100,"Hollymead","Sutherland","Albemarle",103,41,"Average",1
"904",1996,2973,"Central Air",6,4,1,0.514,676200,"Stone-Robinson","Burley","Monticello",104.02,23,"Average",1
"905",2001,3984,"Central Air",7,4,1,9.476,796000,"Crozet","Henley","Western Albemarle",101,18,"Average",1
"906",2012,1606,"Central Air",3,2,1,0.039,282200,"Brownsville","Henley","Western Albemarle",111,7,"Average",0
"907",1982,2860,"Central Air",4,2,1,2,633800,"Meriwether Lewis","Henley","Western Albemarle",102.02,37,"Average",1
"908",2011,3788,"Central Air",4,3,1,22.22,711200,"Scottsville","Walton","Monticello",113.01,8,"Average",1
"909",2018,2684,"Central Air",4,4,1,0.132,653900,"Brownsville","Henley","Western Albemarle",111,1,"Average",1
"910",2000,1851,"Central Air",3,2,0,0.165,384400,"Cale","Burley","Monticello",112.02,19,"Average",1
"911",1930,1344,"No Central Air",2,1,0,2.4,129100,"Red Hill","Walton","Monticello",114,89,"Average",0
"912",1992,5594,"Central Air",4,4,2,23,1186000,"Brownsville","Henley","Western Albemarle",112.01,27,"Average",1
"913",1971,1342,"Central Air",3,1,0,2,212100,"Scottsville","Walton","Monticello",113.01,48,"Average",1
"914",2003,3479,"Central Air",4,4,0,4.15,684200,"Meriwether Lewis","Henley","Western Albemarle",101,16,"Average",1
"915",1991,1613,"Central Air",3,2,1,0.242,300300,"Baker-Butler","Sutherland","Albemarle",103,28,"Average",1
"916",2000,2168,"Central Air",4,3,1,2,340800,"Red Hill","Walton","Monticello",112.02,19,"Average",0
"917",1905,2280,"Central Air",3,2,0,0.978,345700,"Brownsville","Henley","Western Albemarle",111,114,"Average",0
"918",2004,2879,"Central Air",5,3,1,0.256,454400,"Cale","Burley","Monticello",112.02,15,"Average",0
"919",2013,2050,"Central Air",3,2,1,23.53,489900,"Broadus Wood","Jouett","Albemarle",102.02,6,"Average",0
"920",1976,1260,"Central Air",4,2,0,12.618,327500,"Stone-Robinson","Walton","Monticello",113.01,43,"Average",1
"921",2017,3488,"Central Air",4,4,1,0.118,596100,"Agnor-Hurt","Burley","Albemarle",106.02,2,"Average",1
"922",1968,1386,"Central Air",3,2,2,0,216100,"Greer","Jouett","Albemarle",108,51,"Average",0
"923",1972,1260,"No Central Air",3,1,1,1,180200,"Broadus Wood","Jouett","Albemarle",102.02,47,"Average",1
"924",1924,3280,"Central Air",3,2,1,5,493400,"Crozet","Henley","Western Albemarle",111,95,"Average",1
"925",1999,2345,"Central Air",4,2,1,0.442,414500,"Cale","Walton","Monticello",113.03,20,"Average",1
"926",1992,2022,"Central Air",3,2,0,2.73,289900,"Broadus Wood","Jouett","Albemarle",101,27,"Average",1
"927",1997,2303,"Central Air",4,3,1,0.255,423300,"Agnor-Hurt","Burley","Albemarle",106.02,22,"Average",1
"928",1974,960,"No Central Air",3,1,0,1.656,109200,"Stone-Robinson","Burley","Monticello",104.01,45,"Average",0
"929",1964,1176,"No Central Air",3,1,1,1.409,284400,"Cale","Burley","Monticello",113.02,55,"Average",1
"930",1995,3180,"Central Air",5,4,1,0.607,630800,"Agnor-Hurt","Burley","Albemarle",106.02,24,"Average",1
"931",1979,1924,"Central Air",3,2,0,2.06,489000,"Murray","Henley","Western Albemarle",110,40,"Average",1
"932",2019,2796,"Central Air",4,3,1,0.564,513600,"Brownsville","Henley","Western Albemarle",111,0,"Average",1
"933",2004,3340,"Central Air",4,3,1,0.508,625100,"Stone-Robinson","Burley","Monticello",104.02,15,"Average",1
"934",2003,1614,"Central Air",3,3,1,0.065,235200,"Baker-Butler","Sutherland","Albemarle",102.01,16,"Average",1
"935",1951,1671,"No Central Air",4,2,0,0,285900,"Crozet","Henley","Western Albemarle",111,68,"Average",1
"936",1985,4098,"Central Air",5,3,1,2.44,634000,"Meriwether Lewis","Henley","Western Albemarle",110,34,"Average",1
"937",1990,1973,"Central Air",4,2,1,0.197,329700,"Baker-Butler","Sutherland","Albemarle",103,29,"Average",1
"938",1983,796,"Central Air",1,2,0,2.35,262700,"Meriwether Lewis","Henley","Western Albemarle",110,36,"Average",0
"939",1979,3338,"Central Air",3,3,1,2,672000,"Meriwether Lewis","Henley","Western Albemarle",110,40,"Average",1
"940",1972,1296,"No Central Air",4,2,0,2.47,190000,"Red Hill","Walton","Monticello",114,47,"Average",0
"941",1970,1998,"No Central Air",3,2,1,0,321000,"Baker-Butler","Sutherland","Albemarle",103,49,"Average",1
"942",2015,2815,"Central Air",5,5,1,0.132,876600,"Greer","Jouett","Albemarle",108,4,"Average",1
"943",1994,1460,"Central Air",3,2,1,0.152,269600,"Cale","Burley","Monticello",112.02,25,"Average",1
"944",2002,3310,"Central Air",4,3,1,4.141,434700,"Baker-Butler","Sutherland","Albemarle",102.01,17,"Average",1
"945",2018,3421,"Central Air",4,3,1,0.706,642100,"Brownsville","Henley","Western Albemarle",111,1,"Average",1
"946",1966,1162,"No Central Air",3,1,0,10.756,301900,"Meriwether Lewis","Henley","Western Albemarle",101,53,"Average",1
"947",1972,1152,"Central Air",5,1,1,1,156400,"Cale","Walton","Monticello",113.03,47,"Average",1
"948",1990,2080,"Central Air",3,2,1,2.15,315800,"Broadus Wood","Jouett","Albemarle",101,29,"Average",1
"949",1972,912,"No Central Air",3,1,0,2.17,129100,"Red Hill","Walton","Monticello",114,47,"Average",0
"950",1990,1461,"Central Air",3,2,0,2.84,242400,"Baker-Butler","Sutherland","Albemarle",102.01,29,"Average",1
"951",2018,2630,"Central Air",4,3,0,0.689,741300,"Cale","Walton","Monticello",112.02,1,"Average",1
"952",1985,1004,"Central Air",3,1,1,0,180700,"Agnor-Hurt","Jouett","Albemarle",107,34,"Average",1
"953",1998,2310,"Central Air",3,2,0,0.369,433600,"Agnor-Hurt","Burley","Albemarle",106.02,21,"Average",1
"954",2014,1877,"Central Air",3,3,0,0.18,467200,"Agnor-Hurt","Burley","Albemarle",106.02,5,"Average",1
"955",2018,3754,"Central Air",4,3,1,0.459,719600,"Cale","Burley","Monticello",112.02,1,"Average",1
"956",1987,1184,"No Central Air",3,2,1,4.435,257500,"Stone-Robinson","Burley","Monticello",104.01,32,"Average",1
"957",1973,1811,"Central Air",5,3,0,2.39,534300,"Meriwether Lewis","Henley","Western Albemarle",110,46,"Average",1
"958",2002,2116,"Central Air",4,3,1,0,318200,"Agnor-Hurt","Burley","Albemarle",106.02,17,"Average",1
"959",1985,2367,"Central Air",4,2,1,2.142,373000,"Broadus Wood","Jouett","Albemarle",102.01,34,"Average",1
"960",1984,2254,"Central Air",4,2,1,6.43,464300,"Brownsville","Henley","Western Albemarle",112.01,35,"Average",1
"961",2003,2589,"Central Air",4,3,1,3.013,608900,"Meriwether Lewis","Henley","Western Albemarle",102.02,16,"Average",1
"962",1971,2542,"Central Air",5,2,1,0.344,379200,"Greer","Jouett","Albemarle",108,48,"Average",1
"963",1900,1344,"Central Air",2,1,0,0,3117300,"Stone-Robinson","Walton","Monticello",113.01,119,"Average",0
"964",2004,1754,"Central Air",3,2,1,0.038,259000,"Brownsville","Henley","Western Albemarle",111,15,"Average",1
"965",1971,1092,"No Central Air",4,1,1,0,214400,"Woodbrook","Jouett","Albemarle",107,48,"Average",0
"966",1997,2364,"Central Air",3,2,1,6,511500,"Meriwether Lewis","Henley","Western Albemarle",101,22,"Average",1
"967",2008,3810,"Central Air",5,3,1,6.9,684400,"Brownsville","Henley","Western Albemarle",112.01,11,"Average",1
"968",1998,5058,"Central Air",7,7,1,0.673,876200,"Stone-Robinson","Burley","Monticello",104.02,21,"Average",1
"969",1958,725,"No Central Air",2,1,0,0.63,152900,"Cale","Walton","Monticello",113.01,61,"Average",0
"970",1885,876,"No Central Air",3,1,0,0.519,91200,"Red Hill","Walton","Monticello",114,134,"Average",0
"971",2017,1486,"Central Air",3,2,0,0.039,227600,"Brownsville","Henley","Western Albemarle",111,2,"Average",0
"972",1997,3016,"Central Air",4,3,1,0.407,441200,"Cale","Walton","Monticello",113.03,22,"Average",1
"973",1964,1092,"Central Air",0,2,0,1.54,300300,"Meriwether Lewis","Henley","Western Albemarle",110,55,"Average",0
"974",1985,1120,"Central Air",3,1,0,2,140900,"Scottsville","Walton","Monticello",113.01,34,"Average",0
"975",1985,2220,"Central Air",4,2,0,1.1,453200,"Murray","Henley","Western Albemarle",110,34,"Average",1
"976",2003,2327,"Central Air",4,3,0,0.363,377700,"Brownsville","Henley","Western Albemarle",111,16,"Average",1
"977",1996,3272,"Central Air",4,4,0,4.002,437200,"Cale","Walton","Monticello",113.01,23,"Average",1
"978",1960,1306,"Central Air",3,1,0,0.9,149400,"Red Hill","Walton","Monticello",112.02,59,"Average",1
"979",1983,1344,"Central Air",3,2,0,29.45,315500,"Red Hill","Walton","Monticello",112.01,36,"Average",1
"980",1977,2737,"Central Air",3,2,0,6.772,439500,"Murray","Henley","Western Albemarle",110,42,"Average",0
"981",1986,1344,"Central Air",3,1,2,0.708,270800,"Greer","Jouett","Albemarle",108,33,"Average",1
"982",1993,1332,"Central Air",3,3,0,0,279600,"Agnor-Hurt","Burley","Albemarle",106.02,26,"Average",1
"983",1979,4677,"Central Air",3,3,1,5.542,405600,"Broadus Wood","Jouett","Albemarle",102.01,40,"Average",0
"984",2019,1600,"Central Air",3,2,2,0.033,299300,"Baker-Butler","Sutherland","Albemarle",103,0,"Average",0
"985",1992,1544,"Central Air",3,2,1,0.278,290100,"Baker-Butler","Sutherland","Albemarle",103,27,"Average",1
"986",2001,2114,"Central Air",4,2,1,0.156,375400,"Cale","Burley","Monticello",112.02,18,"Average",1
"987",1968,2048,"Central Air",3,3,0,0.793,411500,"Stony Point","Burley","Monticello",105,51,"Average",1
"988",1992,4599,"Central Air",4,3,1,3.704,1425200,"Murray","Henley","Western Albemarle",110,27,"Average",1
"989",1991,1397,"Central Air",3,2,1,0.208,274200,"Baker-Butler","Sutherland","Albemarle",103,28,"Average",1
"990",1992,1720,"Central Air",3,3,0,2.859,264500,"Scottsville","Walton","Monticello",114,27,"Average",1
"991",1900,2754,"Central Air",4,2,1,0,165200,"Crozet","Henley","Western Albemarle",111,119,"Average",1
"992",1989,2016,"Central Air",3,3,1,2.361,416500,"Woodbrook","Jouett","Albemarle",106.01,30,"Average",1
"993",1981,1290,"Central Air",3,1,2,0.171,271300,"Greer","Jouett","Albemarle",108,38,"Average",1
"994",1997,3597,"Central Air",5,3,0,0.686,445600,"Woodbrook","Jouett","Albemarle",106.01,22,"Average",1
"995",1975,1673,"Central Air",3,2,0,0,292600,"Agnor-Hurt","Burley","Albemarle",107,44,"Average",1
"996",2007,1402,"Central Air",3,2,1,0.031,242600,"Baker-Butler","Sutherland","Albemarle",103,12,"Average",0
"997",2002,1680,"Central Air",3,2,1,2,244600,"Stony Point","Sutherland","Albemarle",104.01,17,"Average",0
"998",1999,2342,"Central Air",4,2,1,0.201,402200,"Cale","Walton","Monticello",113.03,20,"Average",1
"999",1981,1500,"Central Air",2,2,1,0,220500,"Greer","Jouett","Albemarle",107,38,"Average",1
"1000",2007,1568,"Central Air",3,3,0,2.1,139300,"Scottsville","Walton","Monticello",114,12,"Average",1
"1001",1925,1128,"No Central Air",3,1,0,0.171,94500,"Brownsville","Henley","Western Albemarle",111,94,"Average",0
"1002",2016,3185,"Central Air",3,3,1,11.72,808800,"Meriwether Lewis","Henley","Western Albemarle",101,3,"Average",1
"1003",1991,1814,"Central Air",4,3,0,2,400600,"Murray","Henley","Western Albemarle",110,28,"Average",1
"1004",1988,1354,"Central Air",3,2,0,0.343,326400,"Cale","Walton","Monticello",113.03,31,"Average",0
"1005",1992,1938,"Central Air",3,2,1,0.328,378300,"Cale","Burley","Monticello",112.02,27,"Average",1
"1006",2009,2366,"Central Air",3,2,1,3.7,390900,"Brownsville","Henley","Western Albemarle",112.01,10,"Average",1
"1007",2002,1299,"Central Air",2,2,0,0.109,273000,"Hollymead","Sutherland","Albemarle",103,17,"Average",1
"1008",1985,768,"No Central Air",2,1,0,2.2,126100,"Red Hill","Walton","Monticello",114,34,"Average",0
"1009",1977,3134,"Central Air",4,2,2,2.001,582400,"Broadus Wood","Jouett","Albemarle",102.02,42,"Average",1
"1010",2000,2164,"Central Air",4,2,1,2.186,288200,"Brownsville","Henley","Western Albemarle",112.01,19,"Average",0
"1011",1997,2760,"Central Air",2,2,0,10.022,276000,"Red Hill","Walton","Monticello",114,22,"Average",1
"1012",1973,1482,"No Central Air",4,3,0,2.25,290100,"Broadus Wood","Jouett","Albemarle",102.02,46,"Average",1
"1013",2003,2324,"Central Air",4,2,1,0.203,320000,"Crozet","Henley","Western Albemarle",111,16,"Average",1
"1014",1997,2496,"Central Air",4,2,1,9.069,461000,"Crozet","Henley","Western Albemarle",112.01,22,"Average",1
"1015",2002,1810,"Central Air",3,2,1,0.136,270800,"Hollymead","Sutherland","Albemarle",103,17,"Average",1
"1016",1956,1214,"Central Air",3,1,1,0.306,233000,"Crozet","Henley","Western Albemarle",111,63,"Average",1
"1017",1988,1379,"Central Air",3,2,0,3.17,271400,"Broadus Wood","Jouett","Albemarle",102.01,31,"Average",1
"1018",1998,3234,"Central Air",4,3,0,139.03,883900,"Crozet","Henley","Western Albemarle",101,21,"Average",1
"1019",2018,1298,"Central Air",3,2,1,0.061,266400,"Baker-Butler","Sutherland","Albemarle",102.01,1,"Average",0
"1020",1973,1624,"No Central Air",3,1,1,3.75,262100,"Red Hill","Walton","Monticello",112.02,46,"Average",0
"1021",1965,842,"Central Air",2,1,0,0.476,63900,"Scottsville","Walton","Monticello",114,54,"Average",0
"1022",2009,2988,"Central Air",5,4,1,2.505,682500,"Meriwether Lewis","Henley","Western Albemarle",110,10,"Average",1
"1023",1998,1352,"Central Air",2,2,0,0.132,247600,"Baker-Butler","Sutherland","Albemarle",103,21,"Average",1
"1024",1992,2832,"Central Air",4,2,1,0.32,485500,"Murray","Henley","Western Albemarle",110,27,"Average",1
"1025",1975,1120,"Central Air",3,2,0,18.36,233800,"Brownsville","Henley","Western Albemarle",112.01,44,"Average",0
"1026",1997,1604,"Central Air",3,2,0,0.29,362300,"Cale","Burley","Monticello",112.02,22,"Average",1
"1027",1996,2401,"Central Air",4,2,1,0.348,414100,"Agnor-Hurt","Burley","Albemarle",106.02,23,"Average",1
"1028",2008,1422,"Central Air",3,2,1,0.046,252500,"Stone-Robinson","Burley","Monticello",105,11,"Average",0
"1029",1975,1176,"Central Air",3,2,0,0.976,271400,"Baker-Butler","Sutherland","Albemarle",103,44,"Average",1
"1030",1972,2226,"Central Air",3,2,1,0,280900,"Agnor-Hurt","Burley","Albemarle",107,47,"Average",1
"1031",1995,1893,"Central Air",3,2,1,0.186,270000,"Crozet","Henley","Western Albemarle",111,24,"Average",1
"1032",1996,4216,"Central Air",5,4,1,0.732,1194600,"Stone-Robinson","Burley","Monticello",104.02,23,"Average",1
"1033",1992,1582,"Central Air",4,2,1,0.219,289900,"Baker-Butler","Sutherland","Albemarle",103,27,"Average",1
"1034",1968,1254,"Central Air",3,3,0,0.2808,286300,"Woodbrook","Jouett","Albemarle",106.01,51,"Average",1
"1035",1956,1312,"No Central Air",2,1,0,2.99,111500,"Scottsville","Walton","Monticello",114,63,"Average",1
"1036",1970,480,"No Central Air",2,1,0,1.04,66200,"Red Hill","Walton","Monticello",112.02,49,"Average",0
"1037",1990,1741,"Central Air",4,2,1,0.302,292300,"Cale","Burley","Monticello",113.03,29,"Average",1
"1038",2004,2128,"Central Air",3,2,1,0.183,309300,"Crozet","Henley","Western Albemarle",111,15,"Average",1
"1039",1989,1172,"Central Air",2,2,1,0,233800,"Agnor-Hurt","Burley","Albemarle",106.02,30,"Average",1
"1040",1977,1140,"Central Air",2,1,1,2.007,302400,"Stone-Robinson","Burley","Monticello",104.02,42,"Average",1
"1041",1940,5987,"Central Air",6,6,1,21.7,1355900,"Meriwether Lewis","Henley","Western Albemarle",102.02,79,"Average",1
"1042",1976,848,"Central Air",2,1,0,1,121500,"Scottsville","Walton","Monticello",113.01,43,"Average",1
"1043",1990,1594,"Central Air",3,2,0,0.273,314800,"Cale","Walton","Monticello",113.03,29,"Average",1
"1044",2013,5556,"Central Air",4,4,2,21.231,1797200,"Broadus Wood","Jouett","Albemarle",102.02,6,"Average",1
"1045",1992,1244,"Central Air",2,2,0,0.232,217700,"Crozet","Henley","Western Albemarle",111,27,"Average",0
"1046",2015,1728,"Central Air",4,3,1,0.04,327700,"Cale","Walton","Monticello",113.03,4,"Average",1
"1047",2005,2230,"Central Air",4,3,1,0.88,640300,"Brownsville","Henley","Western Albemarle",111,14,"Average",1
"1048",1989,2144,"Central Air",4,2,1,1.02,387500,"Brownsville","Henley","Western Albemarle",111,30,"Average",1
"1049",2011,3610,"Central Air",4,4,1,1.97,832700,"Brownsville","Henley","Western Albemarle",111,8,"Average",1
"1050",2018,2870,"Central Air",3,3,1,20.8,1227100,"Meriwether Lewis","Henley","Western Albemarle",101,1,"Average",1
"1051",2005,1724,"Central Air",3,2,0,5.026,220900,"Red Hill","Walton","Monticello",114,14,"Average",0
"1052",2001,3035,"Central Air",4,3,0,4.208,589900,"Baker-Butler","Sutherland","Albemarle",104.01,18,"Average",1
"1053",2009,3988,"Central Air",5,3,1,0.477,594100,"Brownsville","Henley","Western Albemarle",111,10,"Average",1
"1054",1993,1322,"Central Air",3,2,1,0.089,179700,"Baker-Butler","Sutherland","Albemarle",102.01,26,"Average",1
"1055",1980,1196,"Central Air",5,3,0,2.05,267000,"Baker-Butler","Sutherland","Albemarle",102.01,39,"Average",0
"1056",1990,4593,"Central Air",5,4,1,4.19,1040400,"Greer","Jouett","Albemarle",110,29,"Average",1
"1057",2013,1692,"Central Air",3,3,1,0.035,329200,"Cale","Walton","Monticello",113.03,6,"Average",1
"1058",2019,1636,"Central Air",3,2,2,0.045,371700,"Stone-Robinson","Burley","Monticello",105,0,"Average",0
"1059",1961,2449,"Central Air",3,2,1,2.136,514600,"Brownsville","Henley","Western Albemarle",111,58,"Average",1
"1060",1981,1167,"Central Air",2,1,1,0,197500,"Greer","Jouett","Albemarle",107,38,"Average",1
"1061",1978,960,"Central Air",3,1,0,2.08,150000,"Scottsville","Walton","Monticello",113.01,41,"Average",0
"1062",1971,1428,"Central Air",3,1,1,0,177100,"Agnor-Hurt","Burley","Albemarle",107,48,"Average",0
"1063",1952,1092,"Central Air",2,2,0,2.45,262700,"Stone-Robinson","Burley","Monticello",104.02,67,"Average",1
"1064",2001,1860,"No Central Air",2,2,NA,21.836,369800,"Red Hill","Walton","Monticello",114,18,"Average",1
"1065",1973,919,"Central Air",3,1,0,0.241,181700,"Baker-Butler","Sutherland","Albemarle",102.01,46,"Average",0
"1066",2006,2918,"Central Air",4,2,1,0.24,498500,"Brownsville","Henley","Western Albemarle",111,13,"Average",1
"1067",2002,988,"Central Air",1,1,1,6.126,292000,"Stony Point","Sutherland","Albemarle",104.01,17,"Average",0
"1068",1997,1324,"Central Air",3,2,0,0.107,180700,"Stony Point","Burley","Monticello",105,22,"Average",1
"1069",1996,1619,"Central Air",3,2,1,0.084,258400,"Hollymead","Sutherland","Albemarle",103,23,"Average",1
"1070",2003,2318,"Central Air",4,2,1,0.489,401400,"Cale","Walton","Monticello",113.03,16,"Average",1
"1071",1980,1815,"Central Air",4,2,0,3.789,323100,"Broadus Wood","Jouett","Albemarle",101,39,"Average",1
"1072",1964,1077,"Central Air",4,1,0,2.76,224500,"Red Hill","Walton","Monticello",113.01,55,"Average",1
"1073",1992,1152,"Central Air",3,3,0,2.94,199200,"Stone-Robinson","Walton","Monticello",113.01,27,"Average",0
"1074",1994,2412,"Central Air",3,2,1,2.78,431600,"Red Hill","Walton","Monticello",112.01,25,"Average",1
"1075",1990,1835,"Central Air",4,2,1,0.211,315800,"Baker-Butler","Sutherland","Albemarle",103,29,"Average",1
"1076",1975,1274,"Central Air",3,2,0,0.931,290700,"Baker-Butler","Sutherland","Albemarle",103,44,"Average",1
"1077",1988,1813,"Central Air",4,2,1,2.002,299800,"Baker-Butler","Sutherland","Albemarle",102.01,31,"Average",1
"1078",2013,1692,"Central Air",3,2,1,0.06,309500,"Baker-Butler","Sutherland","Albemarle",102.01,6,"Average",0
"1079",1990,1821,"Central Air",4,2,1,0.244,306200,"Baker-Butler","Sutherland","Albemarle",103,29,"Average",1
"1080",1987,1152,"Central Air",2,2,1,0,202300,"Greer","Jouett","Albemarle",107,32,"Average",1
"1081",2009,1402,"Central Air",3,2,0,0.049,257100,"Baker-Butler","Sutherland","Albemarle",103,10,"Average",0
"1082",2019,2936,"Central Air",3,2,1,0.459,678500,"Cale","Burley","Monticello",112.02,0,"Average",1
"1083",1980,972,"No Central Air",3,1,0,2.009,138400,"Scottsville","Walton","Monticello",113.01,39,"Average",0
"1084",2006,1754,"Central Air",3,2,1,0.051,259800,"Brownsville","Henley","Western Albemarle",111,13,"Average",0
"1085",2003,3835,"Central Air",4,4,1,1.401,749000,"Broadus Wood","Jouett","Albemarle",102.01,16,"Average",1
"1086",2018,4327,"Central Air",5,4,1,0.689,776800,"Cale","Walton","Monticello",112.02,1,"Average",1
"1087",1996,1753,"Central Air",3,3,0,0.7387,305200,"Woodbrook","Jouett","Albemarle",106.01,23,"Average",1
"1088",1975,1879,"Central Air",3,3,1,5.997,407800,"Broadus Wood","Jouett","Albemarle",102.02,44,"Average",1
"1089",1959,1488,"Central Air",2,1,0,2.18,300400,"Crozet","Henley","Western Albemarle",101,60,"Average",1
"1090",2000,2852,"Central Air",5,3,1,0.505,537600,"Woodbrook","Jouett","Albemarle",106.01,19,"Average",1
"1091",1978,1908,"Central Air",4,3,0,10,398700,"Stone-Robinson","Walton","Monticello",113.01,41,"Average",1
"1092",1994,1379,"Central Air",3,2,1,0.041,226400,"Agnor-Hurt","Burley","Albemarle",106.02,25,"Average",1
"1093",1966,1323,"Central Air",3,3,0,0.4322,320200,"Woodbrook","Jouett","Albemarle",106.01,53,"Average",1
"1094",2005,2224,"Central Air",4,2,1,0.065,312800,"Brownsville","Henley","Western Albemarle",111,14,"Average",1
"1095",2000,2314,"Central Air",4,3,1,0.455,412300,"Stony Point","Burley","Monticello",105,19,"Average",1
"1096",1988,1614,"Central Air",4,2,0,0.346,330400,"Cale","Walton","Monticello",113.03,31,"Average",1
"1097",1987,2720,"Central Air",3,2,1,6,556200,"Red Hill","Walton","Monticello",112.01,32,"Average",1
"1098",1970,1357,"Central Air",4,2,1,0,307300,"Baker-Butler","Sutherland","Albemarle",103,49,"Average",1
"1099",1983,1396,"Central Air",4,3,1,0.227,311700,"Woodbrook","Jouett","Albemarle",106.01,36,"Average",1
"1100",2001,3082,"Central Air",3,2,2,0.204,475900,"Cale","Burley","Monticello",112.02,18,"Average",1
"1101",2000,2943,"Central Air",4,2,1,0.496,495800,"Woodbrook","Jouett","Albemarle",106.01,19,"Average",1
"1102",2011,3898,"Central Air",5,4,1,0.542,900100,"Brownsville","Henley","Western Albemarle",111,8,"Average",1
"1103",1986,980,"No Central Air",3,1,0,3.45,208900,"Stony Point","Burley","Monticello",105,33,"Average",0
"1104",1975,2040,"Central Air",3,3,0,7.3,714000,"Murray","Henley","Western Albemarle",110,44,"Average",1
"1105",1977,2088,"Central Air",3,3,0,2.73,450900,"Meriwether Lewis","Henley","Western Albemarle",110,42,"Average",1
"1106",2015,2407,"Central Air",3,3,1,0.149,530200,"Brownsville","Henley","Western Albemarle",111,4,"Average",1
"1107",2011,1692,"Central Air",3,3,1,0.04,370800,"Brownsville","Henley","Western Albemarle",111,8,"Average",0
"1108",1992,1232,"Central Air",3,2,0,2.298,236900,"Crozet","Henley","Western Albemarle",101,27,"Average",0
"1109",1996,2600,"Central Air",3,2,0,2.305,292800,"Stone-Robinson","Walton","Monticello",113.01,23,"Average",0
"1110",1976,1056,"Central Air",2,1,0,2,172400,"Red Hill","Walton","Monticello",113.01,43,"Average",1
"1111",1986,2927,"Central Air",4,4,1,2.822,563100,"Meriwether Lewis","Henley","Western Albemarle",101,33,"Average",1
"1112",1972,1391,"Central Air",4,3,0,0.6994,316800,"Woodbrook","Jouett","Albemarle",106.01,47,"Average",1
"1113",2005,3094,"Central Air",4,3,1,5.42,509800,"Red Hill","Walton","Monticello",113.01,14,"Average",1
"1114",1971,1428,"Central Air",3,1,1,0,165900,"Agnor-Hurt","Burley","Albemarle",107,48,"Average",0
"1115",2010,4044,"Central Air",5,3,1,0.529,833500,"Brownsville","Henley","Western Albemarle",111,9,"Average",1
"1116",2004,3488,"Central Air",5,4,1,0.341,610500,"Agnor-Hurt","Burley","Albemarle",106.02,15,"Average",1
"1117",1994,2436,"Central Air",3,4,1,1.793,386000,"Broadus Wood","Jouett","Albemarle",101,25,"Average",1
"1118",2000,1532,"Central Air",3,2,0,0.165,314800,"Cale","Burley","Monticello",112.02,19,"Average",1
"1119",2004,2733,"Central Air",4,2,2,0.23,459800,"Brownsville","Henley","Western Albemarle",111,15,"Average",1
"1120",2009,1252,"Central Air",3,2,0,7.315,206500,"Red Hill","Walton","Monticello",114,10,"Average",0
"1121",2011,1606,"Central Air",3,2,1,0.058,252500,"Greer","Jouett","Albemarle",108,8,"Average",0
"1122",1972,1063,"Central Air",4,2,1,0,237100,"Agnor-Hurt","Burley","Albemarle",107,47,"Average",0
"1123",1959,950,"No Central Air",3,1,0,0,291200,"Murray","Henley","Western Albemarle",110,60,"Average",0
"1124",2006,2196,"Central Air",4,2,1,0.2,489100,"Brownsville","Henley","Western Albemarle",111,13,"Average",0
"1125",1996,1707,"Central Air",3,2,0,0.242,285200,"Crozet","Henley","Western Albemarle",111,23,"Average",0
"1126",1968,1386,"Central Air",3,2,2,0,216700,"Greer","Jouett","Albemarle",108,51,"Average",0
"1127",1950,1350,"Central Air",3,1,0,3.76,152500,"Broadus Wood","Jouett","Albemarle",101,69,"Average",0
"1128",2005,1244,"Central Air",2,2,1,0.047,170600,"Crozet","Henley","Western Albemarle",111,14,"Average",0
"1129",2013,2192,"Central Air",3,2,1,2.868,465500,"Stone-Robinson","Burley","Monticello",104.01,6,"Average",1
"1130",1983,1323,"Central Air",3,1,2,0.094,233400,"Greer","Jouett","Albemarle",108,36,"Average",1
"1131",1990,1296,"Central Air",2,2,0,0,203700,"Woodbrook","Jouett","Albemarle",106.01,29,"Average",0
"1132",2014,1694,"Central Air",4,3,1,0.074,363300,"Agnor-Hurt","Burley","Albemarle",106.02,5,"Average",0
"1133",1997,1606,"Central Air",3,2,0,0.25,365000,"Cale","Burley","Monticello",112.02,22,"Average",1
"1134",1962,1450,"Central Air",3,2,0,0,300300,"Greer","Jouett","Albemarle",108,57,"Average",1
"1135",1979,1686,"Central Air",3,2,2,0,338300,"Hollymead","Sutherland","Albemarle",103,40,"Average",1
"1136",1979,1196,"Central Air",3,2,1,0.948,277800,"Baker-Butler","Sutherland","Albemarle",103,40,"Average",1
"1137",2003,1652,"Central Air",3,3,0,1.469,286200,"Red Hill","Walton","Monticello",112.01,16,"Average",0
"1138",1990,2253,"Central Air",3,2,1,1.636,285400,"Stone-Robinson","Burley","Monticello",104.01,29,"Average",1
"1139",1983,880,"Central Air",2,1,0,0,188700,"Agnor-Hurt","Burley","Albemarle",106.02,36,"Average",1
"1140",2006,2632,"Central Air",4,2,1,0.143,346600,"Crozet","Henley","Western Albemarle",111,13,"Average",1
"1141",1939,1812,"Central Air",6,3,0,148.61,2865300,"Cale","Walton","Monticello",113.01,80,"Average",1
"1142",1957,1742,"Central Air",2,1,1,4.39,346100,"Meriwether Lewis","Henley","Western Albemarle",101,62,"Average",1
"1143",1981,1276,"Central Air",3,1,1,0,192600,"Woodbrook","Jouett","Albemarle",107,38,"Average",1
"1144",1981,912,"Central Air",2,1,0,0.093,158400,"Baker-Butler","Sutherland","Albemarle",102.01,38,"Average",0
"1145",2001,2914,"Central Air",3,2,1,0.241,452500,"Cale","Burley","Monticello",112.02,18,"Average",1
"1146",2003,1913,"Central Air",4,3,1,0.121,293300,"Hollymead","Sutherland","Albemarle",103,16,"Average",1
"1147",2000,3059,"Central Air",4,3,1,5.741,460500,"Broadus Wood","Jouett","Albemarle",102.02,19,"Average",1
"1148",2004,2915,"Central Air",5,3,0,1.495,505300,"Broadus Wood","Jouett","Albemarle",101,15,"Average",1
"1149",1969,1488,"No Central Air",3,2,0,0.5,244300,"Crozet","Henley","Western Albemarle",111,50,"Average",1
"1150",1977,2434,"Central Air",4,3,1,25,734600,"Stone-Robinson","Burley","Monticello",104.02,42,"Average",1
"1151",1983,1248,"Central Air",5,3,0,0.252,309900,"Woodbrook","Jouett","Albemarle",106.01,36,"Average",1
"1152",1979,1440,"No Central Air",3,1,1,6.33,201000,"Stone-Robinson","Walton","Monticello",113.01,40,"Average",1
"1153",2013,1474,"Central Air",3,2,1,0.037,287600,"Cale","Walton","Monticello",113.03,6,"Average",1
"1154",1961,1755,"Central Air",4,1,1,0.4372,279500,"Woodbrook","Jouett","Albemarle",106.01,58,"Average",1
"1155",1997,1619,"Central Air",3,2,1,0.09,261600,"Hollymead","Sutherland","Albemarle",103,22,"Average",1
"1156",1970,3079,"Central Air",5,3,0,5.006,533000,"Broadus Wood","Jouett","Albemarle",102.02,49,"Average",1
"1157",1999,2500,"Central Air",4,3,1,0.284,425000,"Agnor-Hurt","Burley","Albemarle",106.02,20,"Average",1
"1158",1977,1104,"No Central Air",3,2,0,2.285,258400,"Stone-Robinson","Burley","Monticello",104.02,42,"Average",0
"1159",2017,1898,"Central Air",3,2,2,0.032,319800,"Baker-Butler","Sutherland","Albemarle",103,2,"Average",0
"1160",2015,1892,"Central Air",3,3,1,0.0577,436800,"Brownsville","Henley","Western Albemarle",111,4,"Average",0
"1161",2017,1834,"Central Air",3,3,1,0.04,420600,"Stone-Robinson","Burley","Monticello",105,2,"Average",1
"1162",2009,1602,"Central Air",3,2,1,0.067,248300,"Greer","Jouett","Albemarle",108,10,"Average",0
"1163",2006,6086,"Central Air",6,6,1,5.292,1262000,"Murray","Henley","Western Albemarle",112.01,13,"Average",1
"1164",1976,2107,"Central Air",4,3,0,2,331500,"Broadus Wood","Jouett","Albemarle",102.01,43,"Average",1
"1165",1989,1696,"Central Air",3,2,1,0.279,310800,"Baker-Butler","Sutherland","Albemarle",103,30,"Average",1
"1166",1962,2114,"Central Air",4,3,0,1.591,364200,"Woodbrook","Jouett","Albemarle",106.01,57,"Average",1
"1167",2006,2088,"Central Air",3,2,1,0.228,364800,"Crozet","Henley","Western Albemarle",111,13,"Average",1
"1168",1962,1541,"Central Air",3,3,0,0,321900,"Greer","Jouett","Albemarle",108,57,"Average",1
"1169",1965,1332,"No Central Air",2,1,0,0.794,113500,"Stone-Robinson","Burley","Monticello",104.01,54,"Average",1
"1170",1980,1344,"Central Air",4,3,0,0,307700,"Hollymead","Sutherland","Albemarle",103,39,"Average",1
"1171",2016,2042,"Central Air",3,3,1,0.026,391500,"Woodbrook","Jouett","Albemarle",107,3,"Average",0
"1172",1973,1260,"Central Air",4,3,0,0.3611,273300,"Woodbrook","Jouett","Albemarle",106.01,46,"Average",1
"1173",1995,2828,"Central Air",4,3,0,2.6,439400,"Stony Point","Sutherland","Albemarle",104.01,24,"Average",1
"1174",1991,1236,"Central Air",2,2,0,0,258700,"Agnor-Hurt","Burley","Albemarle",106.02,28,"Average",1
"1175",1989,1824,"Central Air",4,2,1,0.379,346200,"Baker-Butler","Sutherland","Albemarle",103,30,"Average",1
"1176",1962,1200,"Central Air",3,1,0,2.95,240400,"Stony Point","Burley","Monticello",105,57,"Average",1
"1177",1991,999,"Central Air",3,1,0,0,177400,"Crozet","Henley","Western Albemarle",111,28,"Average",0
"1178",2000,2004,"Central Air",3,2,1,0.205,369000,"Cale","Burley","Monticello",112.02,19,"Average",1
"1179",1981,1230,"Central Air",3,1,1,0,167700,"Agnor-Hurt","Jouett","Albemarle",107,38,"Average",0
"1180",2018,2693,"Central Air",3,2,1,0.23,496100,"Cale","Burley","Monticello",113.02,1,"Average",1
"1181",2012,1280,"Central Air",3,2,1,0.062,275700,"Brownsville","Henley","Western Albemarle",111,7,"Average",0
"1182",1978,1262,"Central Air",3,2,1,2.013,179500,"Scottsville","Walton","Monticello",114,41,"Average",1
"1183",2003,2651,"Central Air",4,2,1,0.33,452500,"Woodbrook","Jouett","Albemarle",106.01,16,"Average",1
"1184",1953,618,"No Central Air",2,1,0,1.78,127000,"Crozet","Henley","Western Albemarle",101,66,"Average",0
"1185",2011,1804,"Central Air",3,2,1,0.049,414500,"Greer","Jouett","Albemarle",109.02,8,"Average",0
"1186",1993,1599,"Central Air",4,2,0,0.152,259400,"Cale","Walton","Monticello",113.01,26,"Average",1
"1187",1950,1217,"Central Air",3,1,0,0.5,84900,"Stone-Robinson","Burley","Monticello",104.02,69,"Average",0
"1188",1984,2483,"Central Air",2,2,1,5.672,515500,"Meriwether Lewis","Henley","Western Albemarle",110,35,"Average",1
"1189",1991,3118,"Central Air",5,3,1,2.029,647900,"Baker-Butler","Sutherland","Albemarle",104.01,28,"Average",1
"1190",2009,1420,"Central Air",4,3,0,0.05,272300,"Baker-Butler","Sutherland","Albemarle",103,10,"Average",0
"1191",2010,3558,"Central Air",5,3,1,0.487,680900,"Hollymead","Sutherland","Albemarle",103,9,"Average",1
"1192",1971,1120,"Central Air",3,1,0,0,245200,"Crozet","Henley","Western Albemarle",111,48,"Average",0
"1193",2006,3279,"Central Air",3,3,1,10.826,1082200,"Murray","Henley","Western Albemarle",112.02,13,"Average",1
"1194",1994,2031,"Central Air",3,2,1,0.431,364300,"Crozet","Henley","Western Albemarle",111,25,"Average",0
"1195",2014,1680,"Central Air",3,3,1,0.054,376700,"Agnor-Hurt","Burley","Albemarle",106.02,5,"Average",1
"1196",1979,1992,"Central Air",3,2,1,8.256,289400,"Scottsville","Walton","Monticello",114,40,"Average",1
"1197",2016,2449,"Central Air",4,3,1,0.097,435900,"Baker-Butler","Sutherland","Albemarle",103,3,"Average",1
"1198",1993,1615,"Central Air",3,2,1,0,235200,"Baker-Butler","Sutherland","Albemarle",103,26,"Average",1
"1199",1997,1837,"No Central Air",3,2,1,0.225,279000,"Crozet","Henley","Western Albemarle",111,22,"Average",0
"1200",2014,3364,"Central Air",5,4,2,0.46,627200,"Stony Point","Burley","Monticello",105,5,"Average",1
"1201",1970,2869,"Central Air",4,3,1,1.588,475800,"Greer","Jouett","Albemarle",108,49,"Average",1
"1202",2013,4404,"Central Air",4,4,1,0.682,1047700,"Brownsville","Henley","Western Albemarle",111,6,"Average",1
"1203",2018,1600,"Central Air",3,3,1,0.03,277100,"Baker-Butler","Sutherland","Albemarle",103,1,"Average",0
"1204",2016,4460,"Central Air",4,3,1,23.1,980100,"Stone-Robinson","Burley","Monticello",104.02,3,"Average",1
"1205",2007,2672,"No Central Air",3,4,0,5.807,558200,"Red Hill","Walton","Monticello",112.01,12,"Average",1
"1206",1990,2093,"Central Air",4,3,1,0.224,375500,"Woodbrook","Jouett","Albemarle",106.01,29,"Average",1
"1207",1970,1468,"Central Air",3,3,0,0.32,191800,"Agnor-Hurt","Burley","Albemarle",108,49,"Average",1
"1208",2004,2084,"Central Air",3,2,1,4.242,364300,"Broadus Wood","Jouett","Albemarle",102.02,15,"Average",0
"1209",1996,2984,"Central Air",4,3,1,2.774,375300,"Meriwether Lewis","Henley","Western Albemarle",102.02,23,"Average",1
"1210",1960,3396,"Central Air",4,3,0,0,503000,"Stony Point","Burley","Monticello",105,59,"Average",1
"1211",2006,2866,"Central Air",5,3,1,0.713,522800,"Cale","Burley","Monticello",112.02,13,"Average",1
"1212",2000,4458,"Central Air",4,3,1,0.801,821200,"Stone-Robinson","Burley","Monticello",104.02,19,"Average",1
"1213",1998,1492,"Central Air",3,2,1,0.186,363000,"Cale","Burley","Monticello",112.02,21,"Average",1
"1214",1988,2098,"Central Air",4,2,1,2.207,320900,"Baker-Butler","Sutherland","Albemarle",102.01,31,"Average",1
"1215",1975,1125,"No Central Air",3,1,1,0.2084,188300,"Baker-Butler","Sutherland","Albemarle",102.01,44,"Average",0
"1216",1964,1434,"Central Air",3,2,0,0.294,274000,"Woodbrook","Jouett","Albemarle",106.01,55,"Average",1
"1217",2001,2329,"Central Air",4,2,1,0.41,405500,"Stony Point","Burley","Monticello",105,18,"Average",1
"1218",2001,2387,"Central Air",3,2,1,0.283,399200,"Brownsville","Henley","Western Albemarle",111,18,"Average",1
"1219",2015,4325,"Central Air",4,4,1,12.5,1238200,"Meriwether Lewis","Henley","Western Albemarle",102.02,4,"Average",1
"1220",2004,2762,"Central Air",4,3,1,2.5,522000,"Brownsville","Henley","Western Albemarle",111,15,"Average",1
"1221",2007,2080,"Central Air",3,2,0,6,289900,"Scottsville","Walton","Monticello",114,12,"Average",0
"1222",1967,1881,"Central Air",3,2,0,0,262400,"Greer","Jouett","Albemarle",108,52,"Average",0
"1223",1969,1356,"Central Air",4,2,2,0,233700,"Greer","Jouett","Albemarle",108,50,"Average",1
"1224",2008,1344,"Central Air",3,2,0,5.018,198200,"Scottsville","Walton","Monticello",114,11,"Average",0
"1225",2002,3226,"Central Air",4,3,1,4.467,894900,"Murray","Henley","Western Albemarle",110,17,"Average",1
"1226",2006,2436,"Central Air",4,2,1,4.9,422100,"Red Hill","Walton","Monticello",113.01,13,"Average",1
"1227",1989,1520,"Central Air",3,2,0,0.31,214000,"Crozet","Henley","Western Albemarle",111,30,"Average",0
"1228",1972,1063,"No Central Air",3,1,1,0,224400,"Agnor-Hurt","Burley","Albemarle",107,47,"Average",0
"1229",1990,1346,"Central Air",3,2,0,0.372,306600,"Cale","Walton","Monticello",113.03,29,"Average",1
"1230",1964,1075,"No Central Air",3,1,0,0,172200,"Baker-Butler","Sutherland","Albemarle",103,55,"Average",0
"1231",1983,1562,"Central Air",3,2,0,2,320900,"Stone-Robinson","Burley","Monticello",104.02,36,"Average",0
"1232",1985,1304,"Central Air",3,1,2,0,209900,"Agnor-Hurt","Jouett","Albemarle",107,34,"Average",1
"1233",1959,1202,"Central Air",3,1,0,0.48,247300,"Cale","Burley","Monticello",113.02,60,"Average",1
"1234",1986,1925,"Central Air",4,3,1,2.13,325900,"Broadus Wood","Jouett","Albemarle",101,33,"Average",1
"1235",2001,2481,"Central Air",4,3,1,2.008,459000,"Red Hill","Walton","Monticello",112.02,18,"Average",1
"1236",1995,1634,"Central Air",3,2,1,0.282,285000,"Hollymead","Sutherland","Albemarle",103,24,"Average",1
"1237",1983,1848,"Central Air",3,3,0,1.834,325100,"Broadus Wood","Jouett","Albemarle",102.01,36,"Average",1
"1238",1990,2464,"Central Air",4,3,1,2.965,418600,"Broadus Wood","Jouett","Albemarle",102.02,29,"Average",1
"1239",1986,1020,"No Central Air",2,1,0,1,165400,"Red Hill","Walton","Monticello",112.01,33,"Average",1
"1240",1989,2208,"Central Air",4,2,1,0.417,397700,"Baker-Butler","Sutherland","Albemarle",103,30,"Average",1
"1241",2001,2006,"Central Air",3,2,0,0.162,397000,"Cale","Burley","Monticello",112.02,18,"Average",0
"1242",1986,1492,"Central Air",4,3,0,0.3595,332000,"Cale","Burley","Monticello",113.03,33,"Average",0
"1243",1980,2368,"Central Air",4,3,0,0.629,298300,"Greer","Jouett","Albemarle",108,39,"Average",1
"1244",1963,2540,"Central Air",3,2,0,0.7553,344400,"Woodbrook","Jouett","Albemarle",106.01,56,"Average",1
"1245",1979,1496,"Central Air",4,2,0,1.054,233100,"Stone-Robinson","Walton","Monticello",104.02,40,"Average",1
"1246",1991,1774,"Central Air",4,2,1,0.253,303500,"Cale","Burley","Monticello",113.03,28,"Average",1
"1247",2014,1562,"Central Air",3,2,1,0.037,303900,"Cale","Walton","Monticello",113.03,5,"Average",1
"1248",1974,1474,"Central Air",3,2,1,0,183700,"Cale","Burley","Monticello",113.02,45,"Average",1
"1249",1990,1635,"Central Air",3,2,0,0,262800,"Baker-Butler","Sutherland","Albemarle",103,29,"Average",1
"1250",1945,1376,"Central Air",3,2,0,2.49,310000,"Meriwether Lewis","Henley","Western Albemarle",110,74,"Average",1
"1251",1971,2128,"Central Air",4,2,1,0.536,354800,"Greer","Jouett","Albemarle",108,48,"Average",1
"1252",2010,2192,"Central Air",3,2,1,0.06,392600,"Agnor-Hurt","Burley","Albemarle",106.02,9,"Average",1
"1253",1991,1966,"Central Air",3,2,0,2.2,388800,"Cale","Walton","Monticello",113.01,28,"Average",1
"1254",2015,2672,"Central Air",2,3,0,0.144,558700,"Brownsville","Henley","Western Albemarle",111,4,"Average",1
"1255",2001,2092,"Central Air",4,3,1,0.269,398800,"Cale","Burley","Monticello",112.02,18,"Average",1
"1256",1985,2320,"Central Air",3,2,0,3.18,408000,"Stone-Robinson","Burley","Monticello",104.02,34,"Average",1
"1257",1970,960,"No Central Air",2,1,0,30.66,752100,"Meriwether Lewis","Henley","Western Albemarle",101,49,"Average",0
"1258",1984,1280,"Central Air",3,1,2,0.116,269800,"Agnor-Hurt","Burley","Albemarle",106.02,35,"Average",1
"1259",1979,2366,"Central Air",4,2,1,0.592,339100,"Woodbrook","Jouett","Albemarle",106.01,40,"Average",1
"1260",1974,2790,"Central Air",4,2,1,0,313600,"Agnor-Hurt","Burley","Albemarle",107,45,"Average",1
"1261",2007,1558,"Central Air",3,2,1,0.041,270200,"Cale","Walton","Monticello",113.01,12,"Average",0
"1262",1978,1248,"Central Air",3,2,1,0,288500,"Hollymead","Sutherland","Albemarle",103,41,"Average",1
"1263",1968,1286,"No Central Air",3,1,0,11.35,197200,"Scottsville","Walton","Monticello",113.01,51,"Average",1
"1264",1964,954,"No Central Air",2,1,0,14.6,173000,"Scottsville","Walton","Monticello",113.01,55,"Average",0
"1265",2011,2144,"Central Air",3,2,0,0.175,413100,"Crozet","Henley","Western Albemarle",111,8,"Average",0
"1266",1991,4085,"Central Air",3,3,1,3.915,791700,"Murray","Henley","Western Albemarle",110,28,"Average",1
"1267",1962,1071,"Central Air",3,1,0,2.812,239400,"Broadus Wood","Jouett","Albemarle",101,57,"Average",0
"1268",1983,2192,"Central Air",4,4,0,1.609,300200,"Stone-Robinson","Burley","Monticello",104.01,36,"Average",1
"1269",2005,3047,"Central Air",4,4,1,3.344,623900,"Broadus Wood","Jouett","Albemarle",102.01,14,"Average",1
"1270",1966,1488,"Central Air",4,3,0,0.4491,360500,"Woodbrook","Jouett","Albemarle",106.01,53,"Average",1
"1271",1984,1040,"Central Air",2,1,1,0,211800,"Agnor-Hurt","Burley","Albemarle",106.02,35,"Average",1
"1272",2013,2496,"Central Air",4,2,1,0.135,496000,"Brownsville","Henley","Western Albemarle",111,6,"Average",1
"1273",1990,2336,"Central Air",3,2,1,3.718,478900,"Meriwether Lewis","Henley","Western Albemarle",101,29,"Average",1
"1274",1933,1396,"No Central Air",3,2,0,3.32,213500,"Red Hill","Walton","Monticello",112.02,86,"Average",0
"1275",2004,2789,"Central Air",4,3,0,0.273,443600,"Cale","Burley","Monticello",112.02,15,"Average",1
"1276",1994,3874,"Central Air",5,3,2,2.086,874300,"Meriwether Lewis","Henley","Western Albemarle",102.02,25,"Average",1
"1277",1978,2649,"Central Air",4,2,1,3.21,393000,"Stone-Robinson","Burley","Monticello",104.02,41,"Average",1
"1278",2018,1758,"Central Air",4,3,1,0.033,449200,"Brownsville","Henley","Western Albemarle",111,1,"Average",0
"1279",2005,4655,"Central Air",5,3,1,2.035,590700,"Baker-Butler","Sutherland","Albemarle",102.01,14,"Average",1
"1280",1988,2608,"Central Air",4,4,0,4.392,428900,"Baker-Butler","Sutherland","Albemarle",102.01,31,"Average",1
"1281",2009,1440,"Central Air",3,2,1,0.047,273700,"Stone-Robinson","Burley","Monticello",105,10,"Average",0
"1282",1983,1148,"Central Air",3,2,1,0.331,322900,"Woodbrook","Jouett","Albemarle",106.01,36,"Average",1
"1283",1993,987,"Central Air",3,1,1,2.985,188900,"Scottsville","Walton","Monticello",113.01,26,"Average",0
"1284",1961,960,"Central Air",3,1,0,0.94,171300,"Red Hill","Walton","Monticello",114,58,"Average",0
"1285",1973,1525,"Central Air",4,2,1,0.922,229200,"Stone-Robinson","Burley","Monticello",104.02,46,"Average",1
"1286",1968,1269,"Central Air",4,2,0,0.4587,318800,"Woodbrook","Jouett","Albemarle",106.01,51,"Average",1
"1287",2004,5522,"Central Air",5,5,1,2.03,1502300,"Greer","Jouett","Albemarle",108,15,"Average",1
"1288",2017,1880,"Central Air",4,3,1,0.033,319800,"Baker-Butler","Sutherland","Albemarle",103,2,"Average",0
"1289",1993,2297,"Central Air",3,2,1,0.258,405400,"Murray","Henley","Western Albemarle",110,26,"Average",1
"1290",1890,1474,"Central Air",2,2,0,84.99,988300,"Broadus Wood","Jouett","Albemarle",101,129,"Average",1
"1291",2018,2587,"Central Air",3,3,1,0.1335,528100,"Agnor-Hurt","Burley","Albemarle",106.02,1,"Average",1
"1292",1986,1066,"Central Air",3,2,1,0,548900,"Murray","Henley","Western Albemarle",110,33,"Average",1
"1293",1982,2560,"Central Air",4,3,1,8.641,812200,"Murray","Henley","Western Albemarle",110,37,"Average",1
"1294",1978,1512,"Central Air",4,2,1,2.019,214200,"Crozet","Henley","Western Albemarle",111,41,"Average",0
"1295",2019,1440,"Central Air",3,3,1,0.023,95000,"Woodbrook","Jouett","Albemarle",107,0,"Average",0
"1296",2003,1834,"Central Air",4,3,0,1.02,313800,"Red Hill","Walton","Monticello",113.01,16,"Average",1
"1297",1987,1360,"Central Air",2,1,0,1.87,251000,"Red Hill","Walton","Monticello",112.02,32,"Average",0
"1298",1971,1240,"No Central Air",3,1,1,1.091,175600,"Broadus Wood","Jouett","Albemarle",102.02,48,"Average",0
"1299",2000,2715,"Central Air",4,2,1,3.596,501500,"Baker-Butler","Sutherland","Albemarle",104.01,19,"Average",1
"1300",1995,4313,"Central Air",5,4,1,6.6,1211200,"Greer","Jouett","Albemarle",110,24,"Average",1
"1301",1978,1175,"Central Air",3,3,0,0.2598,277000,"Agnor-Hurt","Burley","Albemarle",106.02,41,"Average",1
"1302",1982,1504,"Central Air",3,2,0,1.775,296500,"Broadus Wood","Jouett","Albemarle",102.01,37,"Average",1
"1303",2001,1250,"Central Air",3,3,0,0.129,359200,"Cale","Walton","Monticello",113.01,18,"Average",1
"1304",2004,3450,"Central Air",5,3,1,0.788,723700,"Stone-Robinson","Burley","Monticello",104.02,15,"Average",1
"1305",1960,1285,"Central Air",3,1,1,0,250200,"Agnor-Hurt","Burley","Albemarle",107,59,"Average",1
"1306",2009,1636,"Central Air",4,3,2,0.048,298100,"Stone-Robinson","Burley","Monticello",105,10,"Average",0
"1307",1950,1056,"No Central Air",2,1,0,0.709,163800,"Stone-Robinson","Burley","Monticello",105,69,"Average",0
"1308",2002,3851,"Central Air",4,3,1,2.62,930700,"Greer","Jouett","Albemarle",110,17,"Average",1
"1309",1978,2290,"No Central Air",5,3,0,5.067,369000,"Baker-Butler","Sutherland","Albemarle",102.01,41,"Average",1
"1310",1962,2493,"Central Air",3,3,0,0.6643,412700,"Woodbrook","Jouett","Albemarle",106.01,57,"Average",1
"1311",2004,3084,"Central Air",2,2,1,5,400800,"Stone-Robinson","Burley","Monticello",104.01,15,"Average",1
"1312",2004,1176,"Central Air",3,2,0,62.75,365700,"Brownsville","Henley","Western Albemarle",112.01,15,"Average",0
"1313",2005,2248,"Central Air",2,2,0,40.31,479200,"Broadus Wood","Jouett","Albemarle",101,14,"Average",1
"1314",1991,2249,"Central Air",4,2,1,0.241,321800,"Cale","Burley","Monticello",113.03,28,"Average",1
"1315",1978,960,"No Central Air",3,1,1,5.909,175600,"Red Hill","Walton","Monticello",114,41,"Average",0
"1316",2007,4197,"Central Air",4,2,1,0.977,819400,"Stone-Robinson","Burley","Monticello",104.02,12,"Average",1
"1317",1974,1288,"Central Air",3,2,0,0,283100,"Stony Point","Burley","Monticello",105,45,"Average",1
"1318",1974,1474,"Central Air",3,2,1,0,174800,"Cale","Burley","Monticello",113.02,45,"Average",0
"1319",1970,1752,"Central Air",4,2,1,3.14,321200,"Stone-Robinson","Walton","Monticello",113.01,49,"Average",1
"1320",1981,1508,"Central Air",2,2,1,0,220800,"Greer","Jouett","Albemarle",107,38,"Average",1
"1321",2007,1402,"Central Air",3,2,1,0.031,240700,"Baker-Butler","Sutherland","Albemarle",103,12,"Average",0
"1322",2018,1440,"Central Air",3,2,0,0.0499,265400,"Baker-Butler","Sutherland","Albemarle",102.01,1,"Average",0
"1323",1988,2159,"Central Air",4,2,1,1.266,415800,"Meriwether Lewis","Henley","Western Albemarle",110,31,"Average",1
"1324",1966,1092,"Central Air",4,2,0,0,211700,"Greer","Jouett","Albemarle",108,53,"Average",0
"1325",2017,3496,"Central Air",5,3,1,0.207,548700,"Stone-Robinson","Burley","Monticello",105,2,"Average",1
"1326",1981,1634,"Central Air",3,2,1,0.918,275600,"Greer","Jouett","Albemarle",108,38,"Average",1
"1327",2008,5997,"Central Air",5,6,2,3.114,1616100,"Murray","Henley","Western Albemarle",112.02,11,"Average",1
"1328",1900,732,"No Central Air",3,1,0,10.326,211300,"Red Hill","Walton","Monticello",112.02,119,"Average",0
"1329",1960,1713,"Central Air",3,2,0,1.502,183500,"Scottsville","Walton","Monticello",114,59,"Average",0
"1330",1988,1760,"Central Air",3,3,0,0.306,384700,"Woodbrook","Jouett","Albemarle",106.01,31,"Average",1
"1331",1974,944,"Central Air",4,2,0,0,268600,"Hollymead","Sutherland","Albemarle",103,45,"Average",0
"1332",1957,1248,"No Central Air",2,1,0,5.043,310400,"Broadus Wood","Jouett","Albemarle",102.02,62,"Average",1
"1333",1985,1440,"Central Air",3,2,0,4.894,360000,"Broadus Wood","Jouett","Albemarle",102.01,34,"Average",1
"1334",2018,1440,"Central Air",3,2,1,0.0499,269300,"Baker-Butler","Sutherland","Albemarle",102.01,1,"Average",0
"1335",1995,1615,"Central Air",3,2,1,0,231900,"Baker-Butler","Sutherland","Albemarle",103,24,"Average",1
"1336",1967,1450,"Central Air",3,1,1,1.7,320100,"Cale","Burley","Monticello",113.02,52,"Average",1
"1337",2001,2096,"Central Air",4,2,1,0.201,350000,"Hollymead","Sutherland","Albemarle",103,18,"Average",1
"1338",1983,1440,"Central Air",4,1,1,1.408,248700,"Broadus Wood","Jouett","Albemarle",102.01,36,"Average",1
"1339",1981,1056,"No Central Air",2,2,0,25.456,329100,"Stony Point","Sutherland","Albemarle",104.01,38,"Average",0
"1340",1984,1579,"Central Air",3,1,1,2,250600,"Broadus Wood","Jouett","Albemarle",102.02,35,"Average",0
"1341",2007,6584,"Central Air",5,5,2,2.895,1579200,"Stone-Robinson","Walton","Monticello",113.01,12,"Average",1
"1342",1989,1670,"Central Air",3,2,0,0.352,379500,"Cale","Walton","Monticello",113.03,30,"Average",1
"1343",1949,1344,"No Central Air",2,1,0,5.12,152900,"Red Hill","Walton","Monticello",112.02,70,"Average",0
"1344",1979,1096,"Central Air",4,2,1,2.019,240700,"Broadus Wood","Jouett","Albemarle",102.01,40,"Average",1
"1345",1991,952,"Central Air",2,1,0,36.03,342100,"Baker-Butler","Sutherland","Albemarle",102.01,28,"Average",1
"1346",1970,1959,"Central Air",3,1,1,2.3,259900,"Stone-Robinson","Burley","Monticello",104.01,49,"Average",1
"1347",1966,1860,"Central Air",4,3,0,1.089,382200,"Woodbrook","Jouett","Albemarle",106.01,53,"Average",1
"1348",2002,1824,"Central Air",3,3,1,2,237000,"Broadus Wood","Jouett","Albemarle",102.02,17,"Average",0
"1349",2004,2037,"Central Air",3,2,2,0.143,308200,"Brownsville","Henley","Western Albemarle",111,15,"Average",1
"1350",1987,2143,"Central Air",4,3,1,0.223,374300,"Woodbrook","Jouett","Albemarle",106.01,32,"Average",1
"1351",2005,3312,"Central Air",4,3,1,5.285,911200,"Stone-Robinson","Burley","Monticello",104.02,14,"Average",1
"1352",1988,2041,"Central Air",3,2,1,0.298,370300,"Cale","Walton","Monticello",113.03,31,"Average",1
"1353",2003,2893,"Central Air",4,2,1,0.314,506800,"Hollymead","Sutherland","Albemarle",103,16,"Average",1
"1354",1974,1008,"No Central Air",3,1,0,0,132000,"Scottsville","Walton","Monticello",114,45,"Average",1
"1355",1998,2963,"Central Air",4,2,1,0.447,460000,"Brownsville","Henley","Western Albemarle",111,21,"Average",1
"1356",1992,5214,"Central Air",4,5,1,5,2546500,"Murray","Henley","Western Albemarle",110,27,"Average",1
"1357",1974,1596,"Central Air",5,3,0,0.681,307100,"Stony Point","Burley","Monticello",105,45,"Average",1
"1358",2014,2884,"Central Air",4,2,1,0.223,601500,"Brownsville","Henley","Western Albemarle",111,5,"Average",1
"1359",1913,1270,"Central Air",3,1,0,1.3,97900,"Stone-Robinson","Burley","Monticello",104.01,106,"Average",0
"1360",1880,2331,"No Central Air",3,2,0,27.89,851200,"Broadus Wood","Jouett","Albemarle",102.02,139,"Average",1
"1361",1925,998,"Central Air",3,2,0,8,150000,"Scottsville","Walton","Monticello",113.01,94,"Average",0
"1362",2009,3083,"Central Air",4,3,2,0.242,680500,"Brownsville","Henley","Western Albemarle",111,10,"Average",1
"1363",1963,1532,"No Central Air",4,2,0,2.3,279800,"Stone-Robinson","Burley","Monticello",104.01,56,"Average",1
"1364",2000,2546,"Central Air",4,2,1,0.278,438400,"Brownsville","Henley","Western Albemarle",111,19,"Average",1
"1365",2001,4459,"Central Air",4,4,1,10,970700,"Stony Point","Sutherland","Albemarle",104.01,18,"Average",1
"1366",1991,1310,"Central Air",2,2,1,0,238500,"Agnor-Hurt","Burley","Albemarle",106.02,28,"Average",1
"1367",1966,912,"No Central Air",3,1,0,2,192200,"Murray","Henley","Western Albemarle",110,53,"Average",0
"1368",1958,1024,"Central Air",3,1,0,0.53,113000,"Stone-Robinson","Burley","Monticello",105,61,"Average",0
"1369",2018,2532,"Central Air",3,2,1,0.176,580700,"Stone-Robinson","Burley","Monticello",105,1,"Average",1
"1370",2000,1220,"Central Air",2,2,1,0.038,183400,"Baker-Butler","Sutherland","Albemarle",103,19,"Average",1
"1371",1997,1582,"Central Air",3,2,0,0.099,229600,"Baker-Butler","Sutherland","Albemarle",103,22,"Average",0
"1372",1987,3126,"Central Air",4,2,1,5.177,634800,"Murray","Henley","Western Albemarle",110,32,"Average",1
"1373",1972,1428,"Central Air",3,1,1,0,177100,"Agnor-Hurt","Burley","Albemarle",107,47,"Average",0
"1374",2001,2526,"Central Air",4,2,1,0.313,442900,"Stony Point","Burley","Monticello",105,18,"Average",1
"1375",1991,1784,"Central Air",3,2,1,2.95,235900,"Scottsville","Walton","Monticello",114,28,"Average",1
"1376",1981,2120,"Central Air",4,3,1,3.303,510900,"Meriwether Lewis","Henley","Western Albemarle",101,38,"Average",1
"1377",1986,1616,"Central Air",3,3,0,0,248600,"Agnor-Hurt","Burley","Albemarle",106.02,33,"Average",1
"1378",1992,1784,"Central Air",3,2,0,0.223,334800,"Baker-Butler","Sutherland","Albemarle",103,27,"Average",1
"1379",2004,2412,"Central Air",4,2,0,0.179,328800,"Baker-Butler","Sutherland","Albemarle",103,15,"Average",1
"1380",1930,1536,"Central Air",3,1,0,5.08,254300,"Stone-Robinson","Walton","Monticello",113.01,89,"Average",0
"1381",1990,3381,"Central Air",5,2,1,2.53,413300,"Broadus Wood","Jouett","Albemarle",102.01,29,"Average",1
"1382",1963,2250,"Central Air",4,4,1,0.539,292800,"Greer","Jouett","Albemarle",108,56,"Average",1
"1383",2019,2183,"Central Air",3,2,1,0.055,375100,"Cale","Walton","Monticello",113.03,0,"Average",0
"1384",2006,2612,"Central Air",4,2,1,2.008,417700,"Baker-Butler","Sutherland","Albemarle",102.01,13,"Average",1
"1385",1972,1428,"Central Air",3,1,1,0,177100,"Agnor-Hurt","Burley","Albemarle",107,47,"Average",0
"1386",1950,960,"Central Air",4,2,0,3.633,416300,"Agnor-Hurt","Burley","Albemarle",106.02,69,"Average",0
"1387",1995,1330,"Central Air",3,2,1,0.072,195200,"Baker-Butler","Sutherland","Albemarle",102.01,24,"Average",0
"1388",1948,612,"Central Air",2,1,0,1,116300,"Brownsville","Henley","Western Albemarle",111,71,"Average",0
"1389",NA,1728,"Central Air",3,3,1,0.044,284300,"Cale","Walton","Monticello",113.03,27,"Average",0
"1390",2003,3108,"Central Air",4,5,0,1.506,798300,"Murray","Henley","Western Albemarle",110,16,"Average",1
"1391",1980,2953,"Central Air",3,2,1,2.02,871900,"Murray","Henley","Western Albemarle",110,39,"Average",1
"1392",1986,1920,"Central Air",4,2,1,0,328800,"Hollymead","Sutherland","Albemarle",103,33,"Average",1
"1393",1981,1196,"Central Air",4,3,0,2.005,271500,"Baker-Butler","Sutherland","Albemarle",102.01,38,"Average",1
"1394",1986,1350,"Central Air",3,2,0,2.336,277600,"Stone-Robinson","Burley","Monticello",104.02,33,"Average",0
"1395",1994,1631,"Central Air",3,2,1,0.346,275800,"Crozet","Henley","Western Albemarle",111,25,"Average",1
"1396",2010,1772,"Central Air",3,3,1,0.082,309400,"Stone-Robinson","Burley","Monticello",105,9,"Average",0
"1397",2007,1402,"Central Air",3,2,1,0.031,242600,"Baker-Butler","Sutherland","Albemarle",103,12,"Average",0
"1398",1970,1404,"Central Air",3,2,0,1.15,216900,"Meriwether Lewis","Henley","Western Albemarle",101,49,"Average",0
"1399",2016,2650,"Central Air",4,4,1,0.098,589700,"Brownsville","Henley","Western Albemarle",111,3,"Average",1
"1400",2015,1722,"Central Air",3,3,1,0.049,328200,"Agnor-Hurt","Burley","Albemarle",106.02,4,"Average",0
"1401",1977,2923,"Central Air",4,3,1,7.33,571300,"Meriwether Lewis","Henley","Western Albemarle",110,42,"Average",1
"1402",1997,2852,"Central Air",3,2,1,1.09,344100,"Broadus Wood","Jouett","Albemarle",103,22,"Average",1
"1403",2007,3322,"Central Air",3,2,1,2.08,386800,"Baker-Butler","Sutherland","Albemarle",102.01,12,"Average",0
"1404",2001,3179,"Central Air",5,4,2,3.016,750800,"Murray","Henley","Western Albemarle",110,18,"Average",1
"1405",1989,1696,"Central Air",3,2,1,0.249,303900,"Baker-Butler","Sutherland","Albemarle",103,30,"Average",1
"1406",1983,2196,"Central Air",4,2,1,0.332,363400,"Woodbrook","Jouett","Albemarle",106.01,36,"Average",1
"1407",2000,3179,"Central Air",4,3,2,12.439,898900,"Meriwether Lewis","Henley","Western Albemarle",110,19,"Average",1
"1408",1990,1598,"Central Air",3,2,0,0.267,351700,"Cale","Walton","Monticello",113.03,29,"Average",0
"1409",2004,2060,"Central Air",3,2,0,6,390500,"Red Hill","Walton","Monticello",112.02,15,"Average",1
"1410",1983,1320,"Central Air",3,1,2,0,179700,"Agnor-Hurt","Jouett","Albemarle",107,36,"Average",0
"1411",2017,1872,"Central Air",2,2,NA,112.038,561800,"Red Hill","Walton","Monticello",112.01,2,"Average",0
"1412",2001,2875,"Central Air",4,4,1,1.124,825700,"Stone-Robinson","Burley","Monticello",105,18,"Average",1
"1413",1976,1796,"Central Air",3,2,0,1.263,310700,"Agnor-Hurt","Burley","Albemarle",106.02,43,"Average",1
"1414",1986,2401,"Central Air",4,2,1,4.753,450100,"Broadus Wood","Jouett","Albemarle",102.02,33,"Average",1
"1415",1988,1815,"Central Air",3,3,0,0,300200,"Agnor-Hurt","Burley","Albemarle",106.02,31,"Average",1
"1416",2019,1680,"Central Air",3,2,2,0.0424,296900,"Baker-Butler","Sutherland","Albemarle",102.01,0,"Average",0
"1417",1987,1044,"No Central Air",3,2,0,2,239600,"Meriwether Lewis","Henley","Western Albemarle",110,32,"Average",0
"1418",1993,2620,"Central Air",4,3,1,0.488,547700,"Agnor-Hurt","Burley","Albemarle",106.02,26,"Average",1
"1419",1976,1269,"Central Air",4,3,0,2.038,263500,"Broadus Wood","Jouett","Albemarle",102.01,43,"Average",1
"1420",1966,1463,"Central Air",6,3,0,0.3516,344000,"Woodbrook","Jouett","Albemarle",106.01,53,"Average",1
"1421",1978,1110,"Central Air",3,2,0,2.181,245700,"Stone-Robinson","Burley","Monticello",104.02,41,"Average",1
"1422",1942,1028,"Central Air",2,1,0,1.9,191900,"Baker-Butler","Sutherland","Albemarle",103,77,"Average",0
"1423",2017,2400,"Central Air",4,2,1,0.154,430800,"Stone-Robinson","Burley","Monticello",105,2,"Average",1
"1424",1930,984,"No Central Air",2,1,NA,1.988,115300,"Brownsville","Henley","Western Albemarle",112.01,89,"Average",0
"1425",1960,1042,"Central Air",3,1,0,0.7,169200,"Baker-Butler","Sutherland","Albemarle",103,59,"Average",0
"1426",1962,2176,"Central Air",3,2,0,0.595,337800,"Woodbrook","Jouett","Albemarle",106.01,57,"Average",1
"1427",1989,2938,"Central Air",4,4,1,2.868,640500,"Meriwether Lewis","Henley","Western Albemarle",110,30,"Average",1
"1428",2006,3050,"Central Air",5,3,1,0.459,589700,"Cale","Walton","Monticello",112.02,13,"Average",1
"1429",1967,2501,"Central Air",3,2,1,1.871,485900,"Meriwether Lewis","Henley","Western Albemarle",110,52,"Average",1
"1430",1986,1299,"No Central Air",2,2,0,6.41,274700,"Stony Point","Burley","Monticello",105,33,"Average",0
"1431",2003,4131,"Central Air",6,4,1,0.767,746200,"Woodbrook","Jouett","Albemarle",106.01,16,"Average",1
"1432",2000,2752,"Central Air",4,2,1,0.357,413500,"Hollymead","Sutherland","Albemarle",103,19,"Average",1
"1433",2000,2809,"Central Air",5,2,1,0.37,437400,"Hollymead","Sutherland","Albemarle",103,19,"Average",1
"1434",1986,1903,"Central Air",3,2,0,0.244,325000,"Woodbrook","Jouett","Albemarle",106.01,33,"Average",1
"1435",2004,5471,"Central Air",5,4,1,3.81,1330700,"Greer","Jouett","Albemarle",108,15,"Average",1
"1436",1997,6863,"Central Air",4,6,1,15.712,3271200,"Crozet","Henley","Western Albemarle",101,22,"Average",1
"1437",2005,2476,"Central Air",5,4,0,2.071,571800,"Baker-Butler","Sutherland","Albemarle",102.01,14,"Average",1
"1438",1983,1408,"Central Air",3,3,1,0.1015,220300,"Agnor-Hurt","Burley","Albemarle",106.02,36,"Average",1
"1439",2001,4180,"Central Air",4,4,1,1.851,781900,"Broadus Wood","Jouett","Albemarle",102.01,18,"Average",1
"1440",1964,3102,"Central Air",4,3,0,1.588,565500,"Stony Point","Burley","Monticello",105,55,"Average",1
"1441",2007,2540,"Central Air",3,2,1,3,244000,"Stone-Robinson","Burley","Monticello",104.01,12,"Average",0
"1442",2018,2483,"Central Air",4,3,1,0.056,375100,"Stone-Robinson","Burley","Monticello",105,1,"Average",0
"1443",1997,1609,"Central Air",3,2,0,0.196,261300,"Crozet","Henley","Western Albemarle",111,22,"Average",1
"1444",1998,1790,"Central Air",3,2,1,0.176,354800,"Cale","Burley","Monticello",112.02,21,"Average",1
"1445",1990,2306,"Central Air",4,2,1,0.31,406300,"Baker-Butler","Sutherland","Albemarle",103,29,"Average",1
"1446",1974,1269,"Central Air",4,2,0,2.407,252200,"Broadus Wood","Jouett","Albemarle",102.01,45,"Average",1
"1447",2013,2112,"Central Air",4,2,2,0.119,413400,"Brownsville","Henley","Western Albemarle",111,6,"Average",0
"1448",1973,1756,"Central Air",3,2,0,3.786,407600,"Stone-Robinson","Burley","Monticello",104.02,46,"Average",1
"1449",2011,1610,"Central Air",3,2,1,0.058,252800,"Greer","Jouett","Albemarle",108,8,"Average",0
"1450",1981,2491,"Central Air",4,3,0,2,587500,"Meriwether Lewis","Henley","Western Albemarle",110,38,"Average",1
"1451",2004,1344,"Central Air",3,2,0,2.09,211900,"Brownsville","Henley","Western Albemarle",112.01,15,"Average",1
"1452",2001,2172,"Central Air",4,3,1,0.262,428600,"Cale","Walton","Monticello",113.03,18,"Average",1
"1453",1985,2790,"Central Air",4,3,1,3.575,562500,"Meriwether Lewis","Henley","Western Albemarle",101,34,"Average",1
"1454",1994,960,"Central Air",3,1,1,6.32,120500,"Scottsville","Walton","Monticello",114,25,"Average",0
"1455",2004,2372,"Central Air",3,2,1,0.2,323800,"Crozet","Henley","Western Albemarle",111,15,"Average",1
"1456",2007,2872,"Central Air",4,2,1,0.311,432400,"Stony Point","Burley","Monticello",105,12,"Average",1
"1457",1939,1145,"Central Air",2,1,0,0.31,130100,"Stone-Robinson","Burley","Monticello",105,80,"Average",1
"1458",1994,1428,"Central Air",2,2,0,0.139,230400,"Crozet","Henley","Western Albemarle",111,25,"Average",0
"1459",1800,2002,"Central Air",3,2,0,1,266200,"Broadus Wood","Jouett","Albemarle",102.01,219,"Average",1
"1460",1998,3212,"Central Air",4,2,1,2.986,591500,"Broadus Wood","Jouett","Albemarle",102.02,21,"Average",1
"1461",2011,1856,"Central Air",3,2,0,2.677,309500,"Crozet","Henley","Western Albemarle",101,8,"Average",1
"1462",2006,2634,"Central Air",4,3,0,0.265,501300,"Brownsville","Henley","Western Albemarle",111,13,"Average",1
"1463",2014,2327,"Central Air",3,3,0,0.126,474700,"Agnor-Hurt","Burley","Albemarle",106.02,5,"Average",0
"1464",1972,1240,"Central Air",4,1,2,0,240100,"Woodbrook","Jouett","Albemarle",107,47,"Average",0
"1465",1991,3820,"Central Air",3,3,1,6.823,944000,"Murray","Henley","Western Albemarle",110,28,"Average",1
"1466",2004,2809,"Central Air",6,3,1,0.314,511900,"Hollymead","Sutherland","Albemarle",103,15,"Average",1
"1467",1995,2027,"Central Air",4,2,1,0.23,342400,"Hollymead","Sutherland","Albemarle",103,24,"Average",1
"1468",1925,2634,"No Central Air",5,2,1,7.455,505200,"Brownsville","Henley","Western Albemarle",111,94,"Average",1
"1469",1981,5723,"Central Air",6,5,2,102.56,2993400,"Broadus Wood","Jouett","Albemarle",102.02,38,"Average",1
"1470",1990,2240,"Central Air",4,2,1,1.5293,325200,"Woodbrook","Jouett","Albemarle",106.01,29,"Average",1
"1471",1960,1324,"Central Air",3,1,0,0.812,104200,"Stony Point","Sutherland","Albemarle",104.01,59,"Average",0
"1472",1952,1915,"Central Air",3,3,0,5,514500,"Meriwether Lewis","Henley","Western Albemarle",110,67,"Average",1
"1473",1994,1654,"Central Air",3,2,1,0.388,312700,"Cale","Walton","Monticello",113.03,25,"Average",1
"1474",1976,1344,"Central Air",3,2,1,1.141,335200,"Meriwether Lewis","Henley","Western Albemarle",110,43,"Average",1
"1475",2010,1128,"Central Air",3,2,0,2.001,173900,"Scottsville","Walton","Monticello",113.01,9,"Average",0
"1476",1984,1152,"Central Air",2,2,1,0,203400,"Greer","Jouett","Albemarle",107,35,"Average",1
"1477",1964,1269,"Central Air",4,2,0,0.434,264500,"Woodbrook","Jouett","Albemarle",106.01,55,"Average",1
"1478",1999,1372,"Central Air",2,2,1,0.041,229600,"Agnor-Hurt","Burley","Albemarle",106.02,20,"Average",1
"1479",1973,1680,"Central Air",3,3,0,0.599,294300,"Broadus Wood","Jouett","Albemarle",102.01,46,"Average",1
"1480",1993,1801,"Central Air",2,2,0,0,290200,"Baker-Butler","Sutherland","Albemarle",103,26,"Average",1
"1481",2018,3330,"Central Air",4,4,1,0.689,735900,"Cale","Walton","Monticello",112.02,1,"Average",1
"1482",2004,2238,"Central Air",3,2,0,0.179,354600,"Baker-Butler","Sutherland","Albemarle",103,15,"Average",1
"1483",1890,2404,"Central Air",3,2,0,0.53,435900,"Crozet","Henley","Western Albemarle",111,129,"Average",1
"1484",2004,2746,"Central Air",2,2,1,5.231,509500,"Scottsville","Walton","Monticello",114,15,"Average",1
"1485",1973,1391,"Central Air",3,2,0,0.685,294700,"Woodbrook","Jouett","Albemarle",106.01,46,"Average",1
"1486",1986,2420,"Central Air",4,2,2,1.022,446300,"Stone-Robinson","Burley","Monticello",105,33,"Average",1
"1487",1988,1936,"Central Air",4,3,1,0.31,366000,"Woodbrook","Jouett","Albemarle",106.01,31,"Average",1
"1488",1983,1040,"Central Air",2,1,1,0,203200,"Agnor-Hurt","Burley","Albemarle",106.02,36,"Average",1
"1489",1989,3950,"Central Air",3,2,1,11.565,701700,"Red Hill","Walton","Monticello",112.02,30,"Average",1
"1490",1965,1566,"Central Air",5,3,0,0,294900,"Greer","Jouett","Albemarle",108,54,"Average",1
"1491",2002,1712,"Central Air",3,3,1,0,287500,"Agnor-Hurt","Burley","Albemarle",106.02,17,"Average",1
"1492",1999,2642,"Central Air",3,2,1,0.157,373200,"Brownsville","Henley","Western Albemarle",111,20,"Average",1
"1493",1976,1008,"Central Air",3,1,0,1.023,171800,"Stone-Robinson","Burley","Monticello",104.02,43,"Average",1
"1494",1977,1843,"Central Air",3,3,0,0,412800,"Meriwether Lewis","Henley","Western Albemarle",110,42,"Average",1
"1495",2014,1680,"Central Air",3,2,1,0.043,338000,"Agnor-Hurt","Burley","Albemarle",106.02,5,"Average",0
"1496",1994,1458,"Central Air",3,2,1,0,191300,"Baker-Butler","Sutherland","Albemarle",102.01,25,"Average",0
"1497",1987,960,"No Central Air",3,1,0,2,128200,"Red Hill","Walton","Monticello",114,32,"Average",0
"1498",1991,3262,"Central Air",4,2,0,5.268,440300,"Stone-Robinson","Walton","Monticello",113.01,28,"Average",0
"1499",1992,3082,"Central Air",4,2,1,10.876,586800,"Murray","Henley","Western Albemarle",112.01,27,"Average",1
"1500",1961,1652,"Central Air",3,3,0,0.8629,404900,"Woodbrook","Jouett","Albemarle",106.01,58,"Average",1
"1501",1984,1763,"No Central Air",3,1,1,2,245600,"Red Hill","Walton","Monticello",113.01,35,"Average",1
"1502",1994,1460,"Central Air",2,2,0,0.29,376600,"Cale","Walton","Monticello",113.01,25,"Average",0
"1503",2015,2536,"Central Air",3,2,1,0.468,756000,"Stony Point","Burley","Monticello",105,4,"Average",1
"1504",1986,1056,"Central Air",3,2,0,2.106,125100,"Scottsville","Walton","Monticello",114,33,"Average",1
"1505",2004,2880,"Central Air",4,3,1,0.338,456100,"Cale","Burley","Monticello",112.02,15,"Average",1
"1506",2013,2382,"Central Air",4,3,0,0.122,437800,"Agnor-Hurt","Burley","Albemarle",106.02,6,"Average",0
"1507",2001,4054,"Central Air",3,3,1,3.708,686300,"Broadus Wood","Jouett","Albemarle",101,18,"Average",1
"1508",1983,1819,"Central Air",3,2,0,1.437,328600,"Broadus Wood","Jouett","Albemarle",102.01,36,"Average",1
"1509",1989,1354,"Central Air",3,3,1,0.239,280500,"Cale","Burley","Monticello",113.03,30,"Average",1
"1510",2003,1958,"Central Air",3,3,0,0.191,499800,"Agnor-Hurt","Burley","Albemarle",106.02,16,"Average",1
"1511",1998,1008,"Central Air",3,1,0,2.068,142800,"Scottsville","Walton","Monticello",114,21,"Average",0
"1512",1985,2008,"Central Air",4,3,0,0,611400,"Murray","Henley","Western Albemarle",110,34,"Average",1
"1513",1982,2259,"Central Air",5,3,0,0,274700,"Woodbrook","Jouett","Albemarle",108,37,"Average",1
"1514",1974,1328,"No Central Air",3,2,0,2,158100,"Red Hill","Walton","Monticello",114,45,"Average",0
"1515",1983,944,"No Central Air",3,1,0,2.029,103700,"Crozet","Henley","Western Albemarle",101,36,"Average",0
"1516",1984,1653,"Central Air",3,2,0,0.223,338300,"Woodbrook","Jouett","Albemarle",106.01,35,"Average",1
"1517",1992,1369,"Central Air",3,2,0,0.255,324400,"Cale","Walton","Monticello",113.03,27,"Average",1
"1518",1973,1313,"No Central Air",3,2,0,0,313800,"Broadus Wood","Jouett","Albemarle",102.02,46,"Average",1
"1519",1978,1973,"Central Air",3,1,1,2.222,388900,"Stony Point","Burley","Monticello",105,41,"Average",0
"1520",1982,2763,"Central Air",4,2,1,5,235700,"Scottsville","Walton","Monticello",114,37,"Average",1
"1521",1977,1568,"Central Air",4,3,0,1.934,518400,"Meriwether Lewis","Henley","Western Albemarle",110,42,"Average",1
"1522",2007,1660,"Central Air",4,3,1,0.073,311500,"Baker-Butler","Sutherland","Albemarle",103,12,"Average",0
"1523",1998,2506,"Central Air",3,3,1,0.292,436100,"Cale","Walton","Monticello",113.03,21,"Average",1
"1524",1994,1732,"Central Air",3,3,1,0.335,370400,"Cale","Burley","Monticello",112.02,25,"Average",1
"1525",1992,1485,"Central Air",3,2,0,0.252,252600,"Crozet","Henley","Western Albemarle",111,27,"Average",1
"1526",1998,4958,"Central Air",4,4,1,21.085,1467800,"Meriwether Lewis","Henley","Western Albemarle",101,21,"Average",1
"1527",1999,1299,"Central Air",3,3,0,0.139,336800,"Hollymead","Sutherland","Albemarle",103,20,"Average",1
"1528",2006,2242,"Central Air",3,3,0,15.5,583100,"Red Hill","Walton","Monticello",112.02,13,"Average",1
"1529",1972,1428,"Central Air",3,1,1,0,165500,"Agnor-Hurt","Burley","Albemarle",107,47,"Average",0
"1530",2005,4935,"Central Air",7,4,2,0.975,1020100,"Stone-Robinson","Burley","Monticello",104.02,14,"Average",1
"1531",1981,1819,"Central Air",3,2,0,1.404,294900,"Broadus Wood","Jouett","Albemarle",102.01,38,"Average",1
"1532",1996,1536,"Central Air",3,3,1,0.0814,224300,"Agnor-Hurt","Burley","Albemarle",106.02,23,"Average",1
"1533",2003,3129,"Central Air",4,3,1,1.379,715100,"Broadus Wood","Jouett","Albemarle",102.01,16,"Average",1
"1534",1972,1791,"Central Air",4,3,0,13.26,468700,"Broadus Wood","Jouett","Albemarle",102.01,47,"Average",1
"1535",1987,1614,"Central Air",4,2,0,0.353,321800,"Cale","Walton","Monticello",113.03,32,"Average",1
"1536",2014,3953,"Central Air",4,4,1,21,1277300,"Red Hill","Walton","Monticello",112.02,5,"Average",1
"1537",1983,1926,"Central Air",4,3,0,1.512,324800,"Broadus Wood","Jouett","Albemarle",102.01,36,"Average",1
"1538",2006,768,"Central Air",2,1,0,0.35,157300,"Crozet","Henley","Western Albemarle",111,13,"Average",0
"1539",1974,1486,"No Central Air",4,3,0,4.68,292600,"Stone-Robinson","Burley","Monticello",104.01,45,"Average",1
"1540",1994,640,"No Central Air",2,1,0,1.882,90100,"Stone-Robinson","Burley","Monticello",104.01,25,"Average",0
"1541",2006,1824,"Central Air",3,2,1,0.063,305000,"Brownsville","Henley","Western Albemarle",111,13,"Average",1
"1542",1998,2067,"Central Air",4,2,1,0.161,370700,"Cale","Burley","Monticello",112.02,21,"Average",1
"1543",1875,5281,"Central Air",5,4,1,12.98,1110200,"Brownsville","Henley","Western Albemarle",111,144,"Average",1
"1544",2018,1680,"Central Air",3,3,1,0.131,371300,"Baker-Butler","Sutherland","Albemarle",102.01,1,"Average",1
"1545",1992,1850,"Central Air",3,3,0,2.341,233900,"Scottsville","Walton","Monticello",114,27,"Average",0
"1546",1973,1052,"No Central Air",4,2,0,0.67,179900,"Stone-Robinson","Burley","Monticello",104.02,46,"Average",0
"1547",1997,1433,"Central Air",2,2,0,0.213,232000,"Crozet","Henley","Western Albemarle",111,22,"Average",0
"1548",1988,1290,"Central Air",2,2,1,0.941,386100,"Murray","Henley","Western Albemarle",110,31,"Average",1
"1549",1997,3078,"Central Air",3,2,0,0.567,560900,"Stone-Robinson","Burley","Monticello",104.02,22,"Average",1
"1550",2019,1728,"Central Air",3,3,1,0.035,331100,"Cale","Walton","Monticello",113.03,0,"Average",0
"1551",1994,2014,"Central Air",4,2,1,0.297,372800,"Baker-Butler","Sutherland","Albemarle",103,25,"Average",1
"1552",1971,912,"No Central Air",3,2,0,0.2089,187300,"Baker-Butler","Sutherland","Albemarle",102.01,48,"Average",0
"1553",2018,2384,"Central Air",4,3,1,0.129,437700,"Baker-Butler","Sutherland","Albemarle",102.01,1,"Average",0
"1554",2004,3291,"Central Air",5,4,0,1.183,654300,"Brownsville","Henley","Western Albemarle",111,15,"Average",1
"1555",1930,1030,"Central Air",3,1,0,2.904,137300,"Broadus Wood","Jouett","Albemarle",101,89,"Average",0
"1556",2002,2232,"Central Air",4,3,1,0.255,408100,"Hollymead","Sutherland","Albemarle",103,17,"Average",1
"1557",1998,2280,"Central Air",4,2,1,0.295,407600,"Hollymead","Sutherland","Albemarle",103,21,"Average",1
"1558",1987,2166,"Central Air",3,2,1,5.84,398900,"Stone-Robinson","Burley","Monticello",104.02,32,"Average",1
"1559",1977,1756,"Central Air",3,2,1,0.593,251300,"Broadus Wood","Jouett","Albemarle",102.01,42,"Average",1
"1560",2012,3991,"Central Air",4,5,1,21.731,1441400,"Red Hill","Walton","Monticello",112.02,7,"Average",1
"1561",1961,1564,"No Central Air",3,2,1,0.436,248500,"Brownsville","Henley","Western Albemarle",111,58,"Average",0
"1562",1994,1456,"Central Air",3,2,0,2.046,223300,"Stone-Robinson","Walton","Monticello",113.01,25,"Average",0
"1563",1981,1232,"Central Air",3,1,1,0,171000,"Woodbrook","Jouett","Albemarle",107,38,"Average",0
"1564",2019,1728,"Central Air",3,3,1,0.045,353000,"Cale","Walton","Monticello",113.03,0,"Average",1
"1565",1992,3970,"Central Air",4,3,1,5.814,438100,"Scottsville","Walton","Monticello",113.01,27,"Average",1
"1566",1959,1897,"Central Air",4,2,0,0.468,306400,"Murray","Henley","Western Albemarle",112.02,60,"Average",1
"1567",1993,1118,"Central Air",3,2,0,0.093,243100,"Cale","Walton","Monticello",113.01,26,"Average",1
"1568",1996,2184,"Central Air",3,3,1,0.344,401300,"Cale","Walton","Monticello",113.03,23,"Average",1
"1569",1968,1386,"Central Air",4,2,2,0,218700,"Greer","Jouett","Albemarle",108,51,"Average",0
"1570",2012,2605,"Central Air",3,3,1,2.14,677400,"Meriwether Lewis","Henley","Western Albemarle",110,7,"Average",1
"1571",1970,1912,"No Central Air",3,2,1,0.3353,348300,"Woodbrook","Jouett","Albemarle",106.01,49,"Average",1
"1572",1840,1824,"No Central Air",4,1,0,66.665,424500,"Red Hill","Walton","Monticello",114,179,"Average",1
"1573",2001,2921,"Central Air",5,4,1,2,614400,"Murray","Henley","Western Albemarle",112.01,18,"Average",1
"1574",1986,1711,"Central Air",3,2,0,2.441,290600,"Stone-Robinson","Burley","Monticello",104.01,33,"Average",1
"1575",1974,1191,"Central Air",3,2,0,2.01,417000,"Meriwether Lewis","Henley","Western Albemarle",110,45,"Average",1
"1576",2005,4772,"Central Air",4,5,1,2.773,1243200,"Stone-Robinson","Burley","Monticello",104.01,14,"Average",1
"1577",2019,2712,"Central Air",4,3,0,0.099,492300,"Agnor-Hurt","Burley","Albemarle",106.02,0,"Average",0
"1578",1975,1242,"Central Air",3,2,0,0.926,282800,"Baker-Butler","Sutherland","Albemarle",103,44,"Average",1
"1579",1974,1375,"Central Air",3,3,0,0,347700,"Meriwether Lewis","Henley","Western Albemarle",110,45,"Average",1
"1580",1988,960,"Central Air",3,1,0,0.64,121000,"Scottsville","Walton","Monticello",113.01,31,"Average",0
"1581",1991,1640,"Central Air",4,3,1,0.369,295400,"Meriwether Lewis","Henley","Western Albemarle",101,28,"Average",1
"1582",1999,2303,"Central Air",5,3,1,0.408,414800,"Agnor-Hurt","Burley","Albemarle",106.02,20,"Average",1
"1583",1971,1248,"No Central Air",3,2,1,0,233800,"Agnor-Hurt","Burley","Albemarle",107,48,"Average",0
"1584",1972,1063,"No Central Air",3,2,1,0,226900,"Agnor-Hurt","Burley","Albemarle",107,47,"Average",0
"1585",2000,1427,"Central Air",3,2,0,0.348,239700,"Crozet","Henley","Western Albemarle",111,19,"Average",0
"1586",2005,2986,"Central Air",4,2,1,0.258,439400,"Brownsville","Henley","Western Albemarle",111,14,"Average",1
"1587",2010,1402,"Central Air",3,2,0,0.031,243500,"Baker-Butler","Sutherland","Albemarle",103,9,"Average",0
"1588",2002,2287,"Central Air",4,3,1,0.176,439000,"Brownsville","Henley","Western Albemarle",111,17,"Average",1
"1589",1985,1288,"Central Air",3,2,0,3.101,298000,"Meriwether Lewis","Henley","Western Albemarle",101,34,"Average",1
"1590",1989,2622,"Central Air",3,2,1,1.754,402400,"Stone-Robinson","Walton","Monticello",113.01,30,"Average",1
"1591",1969,2060,"Central Air",4,3,0,1.4042,406800,"Woodbrook","Jouett","Albemarle",106.01,50,"Average",1
"1592",2015,2630,"Central Air",4,3,1,0.091,466900,"Baker-Butler","Sutherland","Albemarle",103,4,"Average",0
"1593",1988,1064,"Central Air",2,1,1,0,191900,"Cale","Walton","Monticello",113.03,31,"Average",0
"1594",1968,2498,"Central Air",4,3,0,2,756600,"Murray","Henley","Western Albemarle",108,51,"Average",1
"1595",1974,1377,"Central Air",3,2,0,0.925,257700,"Meriwether Lewis","Henley","Western Albemarle",101,45,"Average",1
"1596",1986,2125,"Central Air",3,2,0,2.886,263300,"Baker-Butler","Sutherland","Albemarle",102.01,33,"Average",1
"1597",1990,1212,"Central Air",2,2,0,0.351,283800,"Cale","Walton","Monticello",113.03,29,"Average",0
"1598",1988,1202,"Central Air",3,2,1,0.993,351800,"Broadus Wood","Jouett","Albemarle",102.01,31,"Average",1
"1599",1979,1008,"No Central Air",4,2,0,0.2167,195600,"Baker-Butler","Sutherland","Albemarle",102.01,40,"Average",0
"1600",2006,2400,"No Central Air",3,2,0,6.631,472500,"Crozet","Henley","Western Albemarle",101,13,"Average",0
"1601",2019,2490,"Central Air",3,3,2,0.056,376600,"Stone-Robinson","Burley","Monticello",105,0,"Average",0
"1602",2002,2848,"Central Air",4,2,1,0.379,469500,"Cale","Burley","Monticello",112.02,17,"Average",1
"1603",1993,2490,"Central Air",4,4,0,7.7,518400,"Broadus Wood","Jouett","Albemarle",102.01,26,"Average",1
"1604",1967,3231,"Central Air",3,4,0,34.47,897700,"Stone-Robinson","Burley","Monticello",104.02,52,"Average",1
"1605",1963,1080,"No Central Air",3,1,0,0.456,235100,"Crozet","Henley","Western Albemarle",111,56,"Average",1
"1606",2005,2686,"Central Air",4,2,1,4.38,467000,"Red Hill","Walton","Monticello",113.01,14,"Average",1
"1607",2005,3974,"Central Air",4,3,1,0.918,607300,"Stone-Robinson","Burley","Monticello",105,14,"Average",1
"1608",1870,3776,"Central Air",4,3,0,10.76,1485800,"Agnor-Hurt","Burley","Albemarle",106.02,149,"Average",1
"1609",1979,1776,"Central Air",3,2,0,0.95,409900,"Brownsville","Henley","Western Albemarle",111,40,"Average",1
"1610",1995,2396,"Central Air",3,2,1,5.015,417100,"Crozet","Henley","Western Albemarle",112.01,24,"Average",1
"1611",1973,1812,"No Central Air",2,3,0,8,266500,"Murray","Henley","Western Albemarle",112.01,46,"Average",1
"1612",2006,1824,"Central Air",3,2,1,0.051,303000,"Woodbrook","Jouett","Albemarle",106.01,13,"Average",1
"1613",2005,2688,"Central Air",4,3,1,3.089,602300,"Baker-Butler","Sutherland","Albemarle",104.01,14,"Average",1
"1614",1987,2168,"Central Air",3,3,0,2,452200,"Broadus Wood","Jouett","Albemarle",102.02,32,"Average",1
"1615",1979,2586,"Central Air",3,3,0,10.015,540600,"Crozet","Henley","Western Albemarle",101,40,"Average",1
"1616",2012,1450,"Central Air",3,2,1,0.04,262800,"Stone-Robinson","Burley","Monticello",105,7,"Average",0
"1617",1974,960,"Central Air",3,1,0,1.59,152300,"Stone-Robinson","Walton","Monticello",113.01,45,"Average",1
"1618",1973,2304,"Central Air",3,3,0,0.278,420400,"Greer","Jouett","Albemarle",108,46,"Average",1
"1619",1990,1348,"Central Air",2,2,0,0.378,336700,"Cale","Walton","Monticello",113.01,29,"Average",1
"1620",1955,2516,"Central Air",2,3,0,3.049,327000,"Stone-Robinson","Burley","Monticello",104.01,64,"Average",1
"1621",1977,1032,"No Central Air",3,1,1,0.2966,199900,"Baker-Butler","Sutherland","Albemarle",102.01,42,"Average",1
"1622",2006,2431,"Central Air",4,2,1,0.253,437500,"Brownsville","Henley","Western Albemarle",111,13,"Average",1
"1623",2006,3051,"Central Air",5,4,1,0.464,667500,"Cale","Walton","Monticello",112.02,13,"Average",1
"1624",1960,702,"No Central Air",1,1,0,5,279300,"Meriwether Lewis","Henley","Western Albemarle",102.02,59,"Average",1
"1625",1900,1984,"Central Air",3,1,0,1,159400,"Red Hill","Walton","Monticello",114,119,"Average",1
"1626",1973,1428,"Central Air",3,1,1,0,165500,"Agnor-Hurt","Burley","Albemarle",107,46,"Average",0
"1627",2005,3022,"Central Air",4,4,0,3,566500,"Brownsville","Henley","Western Albemarle",111,14,"Average",1
"1628",1993,1893,"Central Air",3,2,1,0.239,287700,"Crozet","Henley","Western Albemarle",111,26,"Average",1
"1629",1993,1240,"Central Air",3,2,0,0.219,221800,"Cale","Walton","Monticello",113.01,26,"Average",0
"1630",1981,1332,"Central Air",2,2,0,0.314,275000,"Murray","Henley","Western Albemarle",110,38,"Average",0
"1631",1991,1509,"Central Air",3,2,2,7.188,341100,"Stone-Robinson","Walton","Monticello",113.01,28,"Average",1
"1632",1950,803,"No Central Air",3,1,0,1,76800,"Red Hill","Walton","Monticello",114,69,"Average",1
"1633",2003,2146,"Central Air",3,2,0,0.248,422100,"Cale","Burley","Monticello",112.02,16,"Average",1
"1634",1992,1369,"Central Air",3,2,0,0.307,341700,"Cale","Walton","Monticello",113.01,27,"Average",0
"1635",2006,2498,"Central Air",3,2,1,0.315,438100,"Stony Point","Burley","Monticello",105,13,"Average",1
"1636",1957,2214,"Central Air",3,3,1,28.46,1162500,"Meriwether Lewis","Henley","Western Albemarle",110,62,"Average",1
"1637",1986,2624,"Central Air",5,3,1,2.014,419400,"Murray","Henley","Western Albemarle",110,33,"Average",1
"1638",1991,1583,"Central Air",4,2,0,0.133,248500,"Cale","Walton","Monticello",113.03,28,"Average",1
"1639",2004,1616,"Central Air",3,2,1,0.058,244700,"Brownsville","Henley","Western Albemarle",111,15,"Average",0
"1640",1930,988,"No Central Air",2,1,0,3.718,128300,"Red Hill","Walton","Monticello",114,89,"Average",0
"1641",1996,1328,"Central Air",4,3,1,0.075,204500,"Baker-Butler","Sutherland","Albemarle",102.01,23,"Average",1
"1642",2015,2244,"Central Air",4,3,1,0.095,406800,"Baker-Butler","Sutherland","Albemarle",103,4,"Average",1
"1643",1991,1144,"Central Air",3,3,0,0,203400,"Agnor-Hurt","Burley","Albemarle",106.02,28,"Average",1
"1644",1989,1858,"Central Air",3,2,0,2,297600,"Broadus Wood","Jouett","Albemarle",102.02,30,"Average",1
"1645",1974,1344,"Central Air",3,2,0,3.537,168500,"Red Hill","Walton","Monticello",114,45,"Average",0
"1646",2013,1728,"Central Air",3,2,1,0.029,267500,"Baker-Butler","Sutherland","Albemarle",102.01,6,"Average",0
"1647",2014,1500,"Central Air",3,3,0,0.963,341100,"Broadus Wood","Jouett","Albemarle",102.01,5,"Average",1
"1648",2019,2548,"Central Air",4,2,1,0.134,421200,"Baker-Butler","Sutherland","Albemarle",102.01,0,"Average",0
"1649",1978,2166,"Central Air",4,3,1,0.7022,315300,"Woodbrook","Jouett","Albemarle",106.01,41,"Average",1
"1650",2001,3034,"Central Air",4,3,1,4.208,1377700,"Murray","Henley","Western Albemarle",110,18,"Average",1
"1651",2011,4341,"Central Air",4,5,1,2.009,1345500,"Meriwether Lewis","Henley","Western Albemarle",110,8,"Average",1
"1652",1985,2184,"Central Air",4,2,1,0.375,374500,"Woodbrook","Jouett","Albemarle",106.01,34,"Average",1
"1653",1992,1224,"Central Air",3,2,0,0.289,287400,"Baker-Butler","Sutherland","Albemarle",103,27,"Average",1
"1654",2001,3391,"Central Air",5,4,0,3.149,747000,"Meriwether Lewis","Henley","Western Albemarle",110,18,"Average",1
"1655",2004,2912,"Central Air",4,4,1,4.867,466700,"Brownsville","Henley","Western Albemarle",112.01,15,"Average",1
"1656",1984,1108,"Central Air",4,2,0,1.38,275900,"Broadus Wood","Jouett","Albemarle",102.01,35,"Average",1
"1657",2014,1806,"Central Air",3,2,0,5,326300,"Red Hill","Walton","Monticello",114,5,"Average",0
"1658",1975,1056,"Central Air",3,1,0,0.954,177400,"Stone-Robinson","Burley","Monticello",104.02,44,"Average",1
"1659",1978,1072,"Central Air",3,2,0,9.665,299700,"Stone-Robinson","Walton","Monticello",113.01,41,"Average",1
"1660",1963,2788,"Central Air",5,3,2,1.5579,416800,"Woodbrook","Jouett","Albemarle",106.01,56,"Average",1
"1661",1984,1421,"Central Air",3,2,0,12.914,433100,"Crozet","Henley","Western Albemarle",101,35,"Average",0
"1662",1971,1273,"Central Air",3,2,0,0,232400,"Woodbrook","Jouett","Albemarle",107,48,"Average",1
"1663",2015,1728,"Central Air",4,3,1,0.04,332800,"Cale","Walton","Monticello",113.03,4,"Average",1
"1664",2013,3234,"Central Air",4,5,1,3.98,773600,"Broadus Wood","Jouett","Albemarle",102.01,6,"Average",1
"1665",1975,1170,"Central Air",3,2,0,3.19,302500,"Stony Point","Burley","Monticello",104.01,44,"Average",1
"1666",1910,1022,"No Central Air",2,1,0,0.267,127200,"Crozet","Henley","Western Albemarle",111,109,"Average",0
"1667",1966,956,"Central Air",2,1,0,7.224,193300,"Brownsville","Henley","Western Albemarle",112.01,53,"Average",0
"1668",2000,1220,"Central Air",2,2,1,0.038,183400,"Baker-Butler","Sutherland","Albemarle",103,19,"Average",1
"1669",1930,3740,"Central Air",4,3,1,1.4,2063900,"Murray","Henley","Western Albemarle",110,89,"Average",1
"1670",1962,2758,"Central Air",4,3,1,1.4,1409300,"Murray","Henley","Western Albemarle",110,57,"Average",1
"1671",1995,1787,"Central Air",3,2,0,0.168,290500,"Crozet","Henley","Western Albemarle",111,24,"Average",1
"1672",1963,1612,"Central Air",3,2,0,19.05,472900,"Brownsville","Henley","Western Albemarle",111,56,"Average",1
"1673",2007,4849,"Central Air",5,5,1,2,1049700,"Broadus Wood","Jouett","Albemarle",102.02,12,"Average",1
"1674",2004,2840,"Central Air",4,3,1,21.045,576900,"Murray","Henley","Western Albemarle",112.01,15,"Average",1
"1675",1983,960,"No Central Air",3,1,0,2,161800,"Red Hill","Walton","Monticello",114,36,"Average",0
"1676",2018,3769,"Central Air",5,4,0,1.035,1040800,"Cale","Walton","Monticello",112.02,1,"Average",1
"1677",1983,956,"Central Air",2,2,0,0,176800,"Greer","Jouett","Albemarle",107,36,"Average",1
"1678",2017,1792,"Central Air",3,3,0,0.114,511300,"Stone-Robinson","Burley","Monticello",105,2,"Average",1
"1679",2015,2384,"Central Air",3,3,0,0.15,429100,"Brownsville","Henley","Western Albemarle",111,4,"Average",1
"1680",2000,2124,"Central Air",3,2,1,0.323,395000,"Cale","Burley","Monticello",112.02,19,"Average",1
"1681",1976,1269,"Central Air",4,3,0,0.346,238400,"Crozet","Henley","Western Albemarle",111,43,"Average",1
"1682",1976,2043,"Central Air",3,3,1,1.731,641600,"Murray","Henley","Western Albemarle",110,43,"Average",1
"1683",2018,1905,"Central Air",3,2,1,0.47,528900,"Crozet","Henley","Western Albemarle",111,1,"Average",1
"1684",1981,1232,"Central Air",3,1,1,0,188900,"Woodbrook","Jouett","Albemarle",107,38,"Average",1
"1685",2017,2528,"Central Air",3,3,1,0.068,468900,"Brownsville","Henley","Western Albemarle",111,2,"Average",1
"1686",1987,1604,"Central Air",3,2,0,0.389,316200,"Cale","Walton","Monticello",113.03,32,"Average",1
"1687",1992,2344,"Central Air",3,3,1,69.381,1064100,"Brownsville","Henley","Western Albemarle",112.01,27,"Average",1
"1688",1978,1802,"No Central Air",3,2,0,3.8,204400,"Stone-Robinson","Walton","Monticello",113.01,41,"Average",1
"1689",1987,2256,"Central Air",4,4,0,6.072,650800,"Broadus Wood","Jouett","Albemarle",102.02,32,"Average",1
"1690",1900,1756,"No Central Air",3,1,0,3.83,290400,"Crozet","Henley","Western Albemarle",111,119,"Average",0
"1691",1996,1938,"Central Air",4,2,0,0.241,393600,"Cale","Burley","Monticello",112.02,23,"Average",1
"1692",1985,1196,"Central Air",3,2,0,3.57,262800,"Crozet","Henley","Western Albemarle",111,34,"Average",1
"1693",2011,1335,"Central Air",3,2,1,0.078,265000,"Stone-Robinson","Burley","Monticello",105,8,"Average",0
"1694",1960,2037,"Central Air",3,2,1,2,326800,"Crozet","Henley","Western Albemarle",111,59,"Average",1
"1695",2004,1200,"Central Air",3,3,0,10.2,243000,"Red Hill","Walton","Monticello",114,15,"Average",0
"1696",2010,1668,"Central Air",3,3,0,0.05,295200,"Baker-Butler","Sutherland","Albemarle",103,9,"Average",0
"1697",1981,3880,"Central Air",5,3,1,1.96,659700,"Greer","Jouett","Albemarle",108,38,"Average",1
"1698",1969,3480,"Central Air",4,2,1,2.9354,556900,"Woodbrook","Jouett","Albemarle",106.01,50,"Average",1
"1699",1991,1405,"Central Air",2,2,1,0.516,336700,"Cale","Walton","Monticello",113.03,28,"Average",1
"1700",1980,3068,"Central Air",4,2,1,4.809,648800,"Murray","Henley","Western Albemarle",110,39,"Average",1
"1701",2005,2305,"Central Air",4,4,1,0.472,511500,"Cale","Walton","Monticello",112.02,14,"Average",1
"1702",1950,1540,"Central Air",4,4,0,0,295900,"Greer","Jouett","Albemarle",108,69,"Average",1
"1703",1910,4116,"No Central Air",6,2,1,61,1136200,"Brownsville","Henley","Western Albemarle",111,109,"Average",0
"1704",1970,1392,"No Central Air",3,1,1,0,219100,"Agnor-Hurt","Burley","Albemarle",107,49,"Average",0
"1705",1980,1624,"Central Air",3,2,0,0.253,339400,"Greer","Jouett","Albemarle",108,39,"Average",1
"1706",1985,1323,"Central Air",3,1,2,0,181200,"Agnor-Hurt","Jouett","Albemarle",107,34,"Average",1
"1707",1990,1740,"Central Air",4,2,1,0.251,293200,"Cale","Burley","Monticello",113.03,29,"Average",1
"1708",1983,2403,"Central Air",4,2,1,2.548,336300,"Baker-Butler","Sutherland","Albemarle",102.01,36,"Average",1
"1709",1972,1456,"Central Air",3,1,1,0,187700,"Cale","Burley","Monticello",113.02,47,"Average",0
"1710",2006,1316,"Central Air",2,2,0,5,191300,"Stone-Robinson","Walton","Monticello",113.01,13,"Average",0
"1711",1960,2015,"Central Air",3,2,0,2.299,345100,"Greer","Jouett","Albemarle",108,59,"Average",1
"1712",1980,1200,"Central Air",3,1,1,0.114,177300,"Cale","Burley","Monticello",113.03,39,"Average",1
"1713",1962,1124,"No Central Air",3,2,0,0.69,130200,"Stone-Robinson","Burley","Monticello",104.01,57,"Average",0
"1714",1986,1508,"Central Air",3,2,NA,2.68,298800,"Murray","Henley","Western Albemarle",112.02,33,"Average",1
"1715",2016,736,"Central Air",1,1,0,0.029,203300,"Brownsville","Henley","Western Albemarle",111,3,"Average",0
"1716",2003,2596,"Central Air",3,2,1,0.188,336600,"Crozet","Henley","Western Albemarle",111,16,"Average",1
"1717",1992,1365,"Central Air",2,2,1,0,253200,"Agnor-Hurt","Burley","Albemarle",106.02,27,"Average",1
"1718",1981,1480,"Central Air",3,2,1,0,269300,"Hollymead","Sutherland","Albemarle",103,38,"Average",1
"1719",1960,3270,"Central Air",3,3,1,110.73,3173900,"Greer","Jouett","Albemarle",108,59,"Average",0
"1720",1998,1536,"Central Air",3,2,1,0.117,222300,"Agnor-Hurt","Burley","Albemarle",106.02,21,"Average",1
"1721",2005,2261,"Central Air",4,3,1,0.226,411300,"Brownsville","Henley","Western Albemarle",111,14,"Average",1
"1722",1995,1827,"Central Air",3,2,0,3.83,352100,"Broadus Wood","Jouett","Albemarle",102.01,24,"Average",1
"1723",2006,2401,"Central Air",3,3,0,2,609400,"Meriwether Lewis","Henley","Western Albemarle",101,13,"Average",1
"1724",1990,2268,"Central Air",4,3,1,0.251,414000,"Baker-Butler","Sutherland","Albemarle",103,29,"Average",1
"1725",1970,1356,"Central Air",4,3,1,0,241800,"Greer","Jouett","Albemarle",108,49,"Average",1
"1726",2007,2375,"Central Air",4,2,1,0.254,391500,"Crozet","Henley","Western Albemarle",111,12,"Average",1
"1727",1999,2858,"Central Air",4,2,1,0.308,422100,"Hollymead","Sutherland","Albemarle",103,20,"Average",1
"1728",1940,1241,"No Central Air",2,1,0,1,188100,"Cale","Walton","Monticello",113.03,79,"Average",0
"1729",2018,2528,"Central Air",3,3,1,0.156,489400,"Cale","Burley","Monticello",113.02,1,"Average",1
"1730",1996,1761,"Central Air",3,2,0,0.368,374500,"Agnor-Hurt","Burley","Albemarle",106.02,23,"Average",1
"1731",2008,1420,"Central Air",3,3,0,0.071,290600,"Baker-Butler","Sutherland","Albemarle",103,11,"Average",0
"1732",1996,1688,"Central Air",5,3,0,0.396,364500,"Cale","Walton","Monticello",113.01,23,"Average",0
"1733",1985,1772,"Central Air",3,2,0,0,310400,"Agnor-Hurt","Burley","Albemarle",107,34,"Average",1
"1734",1979,1891,"Central Air",3,2,0,6.176,285600,"Scottsville","Walton","Monticello",114,40,"Average",1
"1735",2001,1803,"Central Air",3,2,1,0.101,272000,"Hollymead","Sutherland","Albemarle",103,18,"Average",1
"1736",1994,1008,"Central Air",3,1,0,2,162600,"Stone-Robinson","Walton","Monticello",113.01,25,"Average",0
"1737",2000,3214,"Central Air",4,3,1,2,572700,"Baker-Butler","Sutherland","Albemarle",104.01,19,"Average",1
"1738",2006,4080,"Central Air",6,5,1,48.19,977400,"Broadus Wood","Jouett","Albemarle",102.02,13,"Average",1
"1739",1957,2870,"Central Air",4,3,1,2.5,1004800,"Murray","Henley","Western Albemarle",110,62,"Average",1
"1740",1983,1560,"Central Air",3,2,1,0.2054,288500,"Agnor-Hurt","Burley","Albemarle",106.02,36,"Average",1
"1741",2006,2348,"Central Air",3,2,1,21.075,545000,"Red Hill","Walton","Monticello",114,13,"Average",1
"1742",1994,2072,"Central Air",3,2,1,0.92,448000,"Murray","Henley","Western Albemarle",110,25,"Average",1
"1743",1914,1254,"No Central Air",3,1,0,1.378,120600,"Scottsville","Walton","Monticello",114,105,"Average",0
"1744",2007,2872,"Central Air",4,2,1,0.31,432400,"Stony Point","Burley","Monticello",105,12,"Average",1
"1745",1986,1792,"Central Air",3,2,0,5,176100,"Scottsville","Walton","Monticello",113.01,33,"Average",0
"1746",1994,1416,"Central Air",3,2,0,0.267,303600,"Hollymead","Sutherland","Albemarle",103,25,"Average",1
"1747",1984,1231,"Central Air",3,2,0,0.78,232000,"Crozet","Henley","Western Albemarle",111,35,"Average",1
"1748",1973,1602,"Central Air",3,2,1,0,180300,"Agnor-Hurt","Burley","Albemarle",107,46,"Average",1
"1749",1964,1652,"Central Air",3,2,0,6.32,244900,"Stone-Robinson","Burley","Monticello",105,55,"Average",0
"1750",1977,2547,"Central Air",4,2,1,5,319800,"Stone-Robinson","Burley","Monticello",104.02,42,"Average",1
"1751",1992,1596,"Central Air",3,2,1,2.26,233100,"Baker-Butler","Sutherland","Albemarle",102.01,27,"Average",0
"1752",1993,1625,"Central Air",3,2,1,0,240900,"Woodbrook","Jouett","Albemarle",106.01,26,"Average",0
"1753",1965,2795,"Central Air",4,3,0,8.5,676000,"Woodbrook","Jouett","Albemarle",106.01,54,"Average",1
"1754",2017,1880,"Central Air",3,3,1,0.032,309400,"Baker-Butler","Sutherland","Albemarle",103,2,"Average",0
"1755",1986,2168,"No Central Air",3,2,0,35.74,619400,"Crozet","Henley","Western Albemarle",101,33,"Average",0
"1756",1990,927,"Central Air",2,2,0,0,161100,"Greer","Jouett","Albemarle",107,29,"Average",1
"1757",1976,1288,"Central Air",3,2,0,41.6,499500,"Brownsville","Henley","Western Albemarle",112.01,43,"Average",1
"1758",1981,1246,"Central Air",3,1,1,0,171500,"Agnor-Hurt","Jouett","Albemarle",107,38,"Average",0
"1759",1994,992,"Central Air",2,1,0,0.035,175900,"Woodbrook","Jouett","Albemarle",106.01,25,"Average",0
"1760",1991,1867,"Central Air",3,2,0,3,143800,"Stone-Robinson","Burley","Monticello",104.01,28,"Average",0
"1761",2017,1767,"Central Air",3,2,1,0.123,449500,"Stone-Robinson","Burley","Monticello",105,2,"Average",1
"1762",1992,1601,"Central Air",3,2,1,0.246,319000,"Cale","Burley","Monticello",112.02,27,"Average",1
"1763",2002,3032,"Central Air",3,2,1,9.071,538100,"Brownsville","Henley","Western Albemarle",111,17,"Average",1
"1764",2016,3762,"Central Air",4,4,1,0.223,814300,"Brownsville","Henley","Western Albemarle",111,3,"Average",1
"1765",1955,864,"No Central Air",3,1,0,2.142,168400,"Crozet","Henley","Western Albemarle",112.01,64,"Average",0
"1766",2018,2470,"Central Air",3,3,2,0.039,378200,"Stone-Robinson","Burley","Monticello",105,1,"Average",0
"1767",2018,2430,"Central Air",5,2,1,0.459,591900,"Cale","Burley","Monticello",112.02,1,"Average",1
"1768",2002,1720,"Central Air",3,2,1,0.099,285700,"Hollymead","Sutherland","Albemarle",103,17,"Average",1
"1769",1799,3380,"No Central Air",4,2,0,5.94,595300,"Brownsville","Henley","Western Albemarle",112.01,220,"Average",1
"1770",1910,1206,"Central Air",2,2,0,18.84,669800,"Meriwether Lewis","Henley","Western Albemarle",101,109,"Average",0
"1771",1983,1874,"Central Air",2,2,0,2.078,347900,"Greer","Jouett","Albemarle",108,36,"Average",0
"1772",2018,2854,"Central Air",3,4,0,6.654,825900,"Cale","Walton","Monticello",112.02,1,"Average",1
"1773",1987,2534,"Central Air",4,4,1,1.4,456900,"Stone-Robinson","Burley","Monticello",105,32,"Average",1
"1774",2001,1556,"Central Air",3,2,1,0.125,267700,"Cale","Walton","Monticello",113.03,18,"Average",1
"1775",1992,1625,"Central Air",3,2,1,0,239300,"Woodbrook","Jouett","Albemarle",106.01,27,"Average",0
"1776",2000,3523,"Central Air",5,5,0,0.468,613700,"Woodbrook","Jouett","Albemarle",106.01,19,"Average",1
"1777",1985,1866,"Central Air",3,2,0,4.4,315600,"Broadus Wood","Jouett","Albemarle",102.01,34,"Average",1
"1778",1990,1438,"Central Air",3,2,0,0,243400,"Crozet","Henley","Western Albemarle",111,29,"Average",1
"1779",1983,1340,"Central Air",3,2,0,0,253000,"Agnor-Hurt","Burley","Albemarle",106.02,36,"Average",1
"1780",2012,1748,"Central Air",4,2,1,0.037,356400,"Brownsville","Henley","Western Albemarle",111,7,"Average",0
"1781",1771,1566,"No Central Air",2,1,0,7.01,169500,"Scottsville","Walton","Monticello",113.01,248,"Average",1
"1782",1993,1176,"Central Air",3,2,0,0.238,156800,"Crozet","Henley","Western Albemarle",111,26,"Average",0
"1783",2012,3636,"Central Air",1,4,0,32.713,1588100,"Red Hill","Walton","Monticello",112.01,7,"Average",1
"1784",1940,869,"Central Air",4,1,0,0,136900,"Scottsville","Walton","Monticello",114,79,"Average",1
"1785",1996,3219,"Central Air",4,3,1,2.236,536600,"Broadus Wood","Jouett","Albemarle",102.02,23,"Average",1
"1786",2011,2485,"Central Air",4,3,0,18.14,459600,"Stone-Robinson","Burley","Monticello",104.01,8,"Average",1
"1787",2005,1744,"Central Air",3,2,1,0.053,264300,"Brownsville","Henley","Western Albemarle",111,14,"Average",1
"1788",1954,1368,"Central Air",3,1,1,20,282600,"Red Hill","Walton","Monticello",113.01,65,"Average",1
"1789",1995,1471,"Central Air",3,2,0,0.219,335200,"Cale","Burley","Monticello",112.02,24,"Average",1
"1790",2017,2793,"Central Air",4,3,1,0.108,546100,"Brownsville","Henley","Western Albemarle",111,2,"Average",1
"1791",1995,2510,"Central Air",5,3,1,0.261,468500,"Woodbrook","Jouett","Albemarle",106.01,24,"Average",1
"1792",1990,1516,"Central Air",3,2,0,0.069,276000,"Woodbrook","Jouett","Albemarle",106.01,29,"Average",1
"1793",1967,1943,"Central Air",4,2,0,0.379,362500,"Woodbrook","Jouett","Albemarle",106.01,52,"Average",1
"1794",1991,1504,"Central Air",4,3,1,0.221,310600,"Baker-Butler","Sutherland","Albemarle",103,28,"Average",1
"1795",2012,1796,"Central Air",5,3,1,0.72,387600,"Woodbrook","Jouett","Albemarle",106.01,7,"Average",1
"1796",1989,4492,"Central Air",6,5,0,2.033,574600,"Murray","Henley","Western Albemarle",110,30,"Average",1
"1797",1976,2939,"Central Air",4,3,0,0.929,416700,"Meriwether Lewis","Henley","Western Albemarle",110,43,"Average",1
"1798",2015,1844,"Central Air",3,2,1,29.31,615300,"Red Hill","Walton","Monticello",113.01,4,"Average",1
"1799",1979,1980,"Central Air",3,2,0,5.413,254800,"Red Hill","Walton","Monticello",114,40,"Average",0
"1800",1994,2164,"Central Air",4,2,1,1.754,377400,"Hollymead","Sutherland","Albemarle",103,25,"Average",1
"1801",1980,1199,"Central Air",3,2,1,0.2478,256800,"Greer","Jouett","Albemarle",107,39,"Average",1
"1802",1987,1991,"Central Air",4,3,1,0,299100,"Agnor-Hurt","Burley","Albemarle",106.02,32,"Average",1
"1803",2005,3703,"Central Air",4,3,3,4.879,1483500,"Murray","Henley","Western Albemarle",112.02,14,"Average",1
"1804",2002,3184,"Central Air",5,2,2,0.366,489800,"Cale","Burley","Monticello",112.02,17,"Average",1
"1805",1972,1196,"Central Air",3,1,1,0,193800,"Crozet","Henley","Western Albemarle",111,47,"Average",1
"1806",1956,2864,"Central Air",4,3,0,0.279,341800,"Crozet","Henley","Western Albemarle",111,63,"Average",1
"1807",2014,3033,"Central Air",3,3,1,0.108,849800,"Murray","Henley","Western Albemarle",110,5,"Average",1
"1808",1983,1525,"Central Air",4,3,1,0.308,325700,"Woodbrook","Jouett","Albemarle",106.01,36,"Average",1
"1809",2011,1600,"Central Air",3,2,1,0.047,271600,"Stone-Robinson","Burley","Monticello",105,8,"Average",0
"1810",1960,1416,"No Central Air",2,1,0,611.765,2488800,"Scottsville","Walton","Monticello",113.01,59,"Average",1
"1811",1996,2762,"Central Air",4,2,1,0.278,392800,"Crozet","Henley","Western Albemarle",111,23,"Average",1
"1812",2003,1574,"Central Air",3,2,0,0.24,332800,"Hollymead","Sutherland","Albemarle",103,16,"Average",1
"1813",1994,1584,"Central Air",3,2,1,0.271,332500,"Hollymead","Sutherland","Albemarle",103,25,"Average",1
"1814",2011,1672,"Central Air",4,3,1,0.057,337500,"Cale","Walton","Monticello",113.03,8,"Average",1
"1815",2015,1533,"Central Air",3,2,0,0.27,459700,"Crozet","Henley","Western Albemarle",111,4,"Average",1
"1816",1984,1942,"Central Air",3,3,1,1.177,424000,"Stone-Robinson","Burley","Monticello",105,35,"Average",1
"1817",2014,3959,"Central Air",3,3,1,0.467,789300,"Brownsville","Henley","Western Albemarle",111,5,"Average",1
"1818",2017,1880,"Central Air",4,3,1,0.032,320500,"Baker-Butler","Sutherland","Albemarle",103,2,"Average",0
"1819",2001,1488,"Central Air",3,2,1,0.137,257100,"Hollymead","Sutherland","Albemarle",103,18,"Average",1
"1820",1754,630,"No Central Air",2,1,0,0.473,119600,"Meriwether Lewis","Henley","Western Albemarle",101,265,"Average",0
"1821",1994,1696,"Central Air",3,2,0,10,396600,"Red Hill","Walton","Monticello",113.01,25,"Average",1
"1822",1976,1344,"Central Air",4,3,0,0.5,241500,"Broadus Wood","Jouett","Albemarle",102.01,43,"Average",1
"1823",1915,1368,"No Central Air",2,1,1,1.308,185400,"Crozet","Henley","Western Albemarle",111,104,"Average",1
"1824",2004,2594,"Central Air",4,2,1,0.215,441800,"Cale","Walton","Monticello",113.03,15,"Average",1
"1825",1918,1488,"No Central Air",3,2,0,1.72,179900,"Brownsville","Henley","Western Albemarle",111,101,"Average",0
"1826",1988,2456,"Central Air",3,2,2,1.473,587400,"Murray","Henley","Western Albemarle",110,31,"Average",1
"1827",2014,1680,"Central Air",3,3,1,0.042,365700,"Agnor-Hurt","Burley","Albemarle",106.02,5,"Average",0
"1828",1999,1550,"Central Air",3,2,0,0.201,359600,"Cale","Walton","Monticello",113.03,20,"Average",1
"1829",1907,940,"No Central Air",2,1,0,0.5,82700,"Red Hill","Walton","Monticello",113.01,112,"Average",0
"1830",2007,1856,"Central Air",3,2,1,0.148,327100,"Baker-Butler","Sutherland","Albemarle",103,12,"Average",1
"1831",2012,2402,"Central Air",4,3,1,0.104,397100,"Brownsville","Henley","Western Albemarle",111,7,"Average",0
"1832",1976,2109,"No Central Air",4,2,0,2,233700,"Scottsville","Walton","Monticello",114,43,"Average",1
"1833",2014,1680,"Central Air",4,3,1,0.042,371600,"Agnor-Hurt","Burley","Albemarle",106.02,5,"Average",1
"1834",1975,1392,"Central Air",2,2,1,0,193900,"Agnor-Hurt","Burley","Albemarle",106.02,44,"Average",1
"1835",1959,2529,"Central Air",3,2,0,5.26,315500,"Red Hill","Walton","Monticello",114,60,"Average",0
"1836",2017,2704,"Central Air",4,2,1,0.183,509200,"Brownsville","Henley","Western Albemarle",111,2,"Average",1
"1837",1971,1104,"Central Air",2,1,0,2.12,159700,"Stone-Robinson","Walton","Monticello",113.01,48,"Average",0
"1838",1973,1651,"Central Air",3,2,1,2.272,322100,"Stony Point","Sutherland","Albemarle",104.01,46,"Average",1
"1839",2018,1636,"Central Air",3,2,1,0.043,360000,"Stone-Robinson","Burley","Monticello",105,1,"Average",0
"1840",2010,1584,"Central Air",3,2,1,0.063,279100,"Baker-Butler","Sutherland","Albemarle",103,9,"Average",0
"1841",1961,1180,"Central Air",4,2,0,3.82,255800,"Red Hill","Walton","Monticello",112.02,58,"Average",0
"1842",1992,1592,"Central Air",3,2,0,0.299,311000,"Cale","Walton","Monticello",113.01,27,"Average",0
"1843",1998,1998,"Central Air",3,2,0,0.32,397400,"Agnor-Hurt","Burley","Albemarle",106.02,21,"Average",1
"1844",1935,1073,"Central Air",3,1,0,2.9,140700,"Red Hill","Walton","Monticello",112.01,84,"Average",0
"1845",1996,1322,"Central Air",3,2,1,0.1,183200,"Baker-Butler","Sutherland","Albemarle",102.01,23,"Average",1
"1846",1979,2684,"Central Air",4,2,0,1.91,450600,"Murray","Henley","Western Albemarle",110,40,"Average",1
"1847",1989,1632,"Central Air",3,2,0,2.006,266100,"Red Hill","Walton","Monticello",112.01,30,"Average",0
"1848",1993,2280,"Central Air",4,2,1,0.307,313400,"Hollymead","Sutherland","Albemarle",103,26,"Average",1
"1849",1975,1056,"No Central Air",3,1,0,2.617,105200,"Scottsville","Walton","Monticello",114,44,"Average",0
"1850",2003,2187,"Central Air",3,2,1,0.48,361600,"Stony Point","Burley","Monticello",105,16,"Average",1
"1851",1970,1446,"Central Air",2,2,0,2.685,344800,"Meriwether Lewis","Henley","Western Albemarle",101,49,"Average",1
"1852",1981,2594,"Central Air",3,3,0,2.166,584100,"Broadus Wood","Jouett","Albemarle",102.02,38,"Average",1
"1853",2001,1900,"Central Air",4,2,1,5.01,219200,"Stone-Robinson","Burley","Monticello",104.01,18,"Average",0
"1854",2014,2046,"Central Air",3,2,1,0.177,394500,"Agnor-Hurt","Burley","Albemarle",106.02,5,"Average",0
"1855",2001,1973,"Central Air",3,3,0,0.189,507700,"Agnor-Hurt","Burley","Albemarle",106.02,18,"Average",1
"1856",1994,3927,"Central Air",5,3,1,21.87,909300,"Stone-Robinson","Burley","Monticello",104.01,25,"Average",1
"1857",2012,2240,"Central Air",4,3,1,0.071,460400,"Brownsville","Henley","Western Albemarle",111,7,"Average",1
"1858",2008,2574,"Central Air",3,3,1,0.154,748900,"Murray","Henley","Western Albemarle",110,11,"Average",1
"1859",1978,2330,"Central Air",3,2,0,4,316300,"Brownsville","Henley","Western Albemarle",112.01,41,"Average",0
"1860",2013,2447,"Central Air",3,2,1,0.116,425900,"Brownsville","Henley","Western Albemarle",111,6,"Average",1
"1861",1967,2925,"Central Air",3,2,0,0,496500,"Broadus Wood","Jouett","Albemarle",102.02,52,"Average",1
"1862",2019,1600,"Central Air",3,3,1,0.039,315200,"Baker-Butler","Sutherland","Albemarle",103,0,"Average",0
"1863",1971,1311,"Central Air",3,3,0,0,306600,"Baker-Butler","Sutherland","Albemarle",103,48,"Average",1
"1864",1974,1280,"Central Air",3,1,0,0,178700,"Cale","Burley","Monticello",113.02,45,"Average",1
"1865",1994,2236,"No Central Air",2,2,0,4.221,412600,"Brownsville","Henley","Western Albemarle",112.01,25,"Average",1
"1866",1992,1352,"Central Air",2,2,0,0.251,231100,"Crozet","Henley","Western Albemarle",111,27,"Average",1
"1867",2015,2460,"Central Air",4,2,1,0.134,389800,"Baker-Butler","Sutherland","Albemarle",102.01,4,"Average",1
"1868",1990,2482,"Central Air",3,2,1,4.82,390300,"Broadus Wood","Jouett","Albemarle",102.01,29,"Average",1
"1869",1988,3479,"Central Air",4,3,0,31.96,809500,"Stone-Robinson","Burley","Monticello",104.02,31,"Average",1
"1870",1995,1536,"Central Air",3,2,1,0.0836,188000,"Agnor-Hurt","Burley","Albemarle",106.02,24,"Average",1
"1871",1992,2139,"Central Air",3,3,0,3.002,365300,"Stone-Robinson","Walton","Monticello",113.01,27,"Average",1
"1872",1972,3779,"Central Air",4,3,1,6.1,1003400,"Murray","Henley","Western Albemarle",108,47,"Average",1
"1873",1972,1548,"Central Air",3,2,0,0.735,270900,"Broadus Wood","Jouett","Albemarle",102.01,47,"Average",1
"1874",2006,3388,"Central Air",4,3,1,15,736000,"Broadus Wood","Jouett","Albemarle",101,13,"Average",1
"1875",2007,2024,"Central Air",3,2,1,10.74,409800,"Red Hill","Walton","Monticello",114,12,"Average",1
"1876",1979,1751,"Central Air",3,2,1,0.348,305400,"Greer","Jouett","Albemarle",107,40,"Average",1
"1877",1956,1332,"No Central Air",2,1,0,0.56,241800,"Crozet","Henley","Western Albemarle",111,63,"Average",1
"1878",1986,1316,"Central Air",3,2,1,3.004,209600,"Stone-Robinson","Burley","Monticello",104.01,33,"Average",1
"1879",1984,1776,"Central Air",3,2,1,0.1777,278100,"Agnor-Hurt","Burley","Albemarle",106.02,35,"Average",1
"1880",1978,1565,"Central Air",3,2,1,0,292300,"Greer","Jouett","Albemarle",108,41,"Average",1
"1881",1956,1735,"Central Air",3,1,1,4.04,281200,"Meriwether Lewis","Henley","Western Albemarle",101,63,"Average",0
"1882",1988,1449,"Central Air",3,2,0,3.611,239000,"Baker-Butler","Sutherland","Albemarle",102.01,31,"Average",0
"1883",1860,1900,"No Central Air",3,1,1,13.503,352400,"Baker-Butler","Sutherland","Albemarle",104.01,159,"Average",1
"1884",1978,2702,"Central Air",3,3,0,19.08,423000,"Broadus Wood","Jouett","Albemarle",101,41,"Average",1
"1885",1974,1897,"Central Air",3,2,1,2.37,236700,"Red Hill","Walton","Monticello",112.02,45,"Average",1
"1886",2018,2830,"Central Air",3,3,2,0.049,433500,"Stone-Robinson","Burley","Monticello",105,1,"Average",0
"1887",1754,960,"No Central Air",2,1,0,0.53,130500,"Brownsville","Henley","Western Albemarle",112.01,265,"Average",0
"1888",1965,1360,"Central Air",3,2,0,1.06,284900,"Cale","Burley","Monticello",113.02,54,"Average",0
"1889",1990,1904,"Central Air",3,2,0,2.024,294200,"Stone-Robinson","Burley","Monticello",104.01,29,"Average",1
"1890",1979,3496,"Central Air",3,3,1,2.507,488600,"Brownsville","Henley","Western Albemarle",112.01,40,"Average",1
"1891",2004,1593,"Central Air",3,2,0,0.095,276100,"Brownsville","Henley","Western Albemarle",111,15,"Average",1
"1892",2009,2494,"Central Air",3,3,0,10.24,1345600,"Murray","Henley","Western Albemarle",110,10,"Average",1
"1893",2010,1600,"Central Air",3,2,1,0.046,273800,"Stone-Robinson","Burley","Monticello",105,9,"Average",0
"1894",1988,2174,"Central Air",5,2,1,2.077,402500,"Meriwether Lewis","Henley","Western Albemarle",101,31,"Average",1
"1895",1988,2609,"Central Air",4,3,1,2.16,329800,"Baker-Butler","Sutherland","Albemarle",102.01,31,"Average",1
"1896",2008,5297,"Central Air",5,4,1,0.464,1239900,"Brownsville","Henley","Western Albemarle",111,11,"Average",1
"1897",2012,4072,"Central Air",5,4,1,5.72,940900,"Meriwether Lewis","Henley","Western Albemarle",110,7,"Average",1
"1898",1998,2530,"Central Air",3,2,1,3.735,260500,"Stone-Robinson","Burley","Monticello",104.01,21,"Average",1
"1899",1952,835,"No Central Air",2,1,0,1.024,96900,"Broadus Wood","Jouett","Albemarle",101,67,"Average",0
"1900",2004,2386,"Central Air",4,3,1,3,442300,"Brownsville","Henley","Western Albemarle",111,15,"Average",1
"1901",1977,1354,"Central Air",4,3,0,0,303000,"Hollymead","Sutherland","Albemarle",103,42,"Average",1
"1902",1973,1590,"Central Air",3,2,1,0.333,328100,"Greer","Jouett","Albemarle",108,46,"Average",1
"1903",1840,4858,"Central Air",5,2,2,15.89,1301600,"Brownsville","Henley","Western Albemarle",112.01,179,"Average",1
"1904",2001,1830,"Central Air",3,3,0,0.108,280200,"Hollymead","Sutherland","Albemarle",103,18,"Average",1
"1905",1997,3272,"Central Air",4,3,1,0.348,546200,"Hollymead","Sutherland","Albemarle",103,22,"Average",1
"1906",1989,1598,"Central Air",3,2,0,0.359,309600,"Cale","Walton","Monticello",113.03,30,"Average",0
"1907",2019,1680,"Central Air",4,3,1,0.047,340400,"Stone-Robinson","Burley","Monticello",104.02,0,"Average",0
"1908",1976,960,"Central Air",3,1,0,2,149200,"Broadus Wood","Jouett","Albemarle",101,43,"Average",0
"1909",2011,2936,"Central Air",4,3,1,2.68,696100,"Brownsville","Henley","Western Albemarle",112.01,8,"Average",1
"1910",2003,2208,"Central Air",4,2,1,0.152,386000,"Hollymead","Sutherland","Albemarle",103,16,"Average",1
"1911",1998,1506,"Central Air",3,2,0,0.197,341400,"Cale","Burley","Monticello",112.02,21,"Average",1
"1912",2006,2582,"Central Air",4,3,1,0.933,783400,"Brownsville","Henley","Western Albemarle",111,13,"Average",1
"1913",1998,3031,"Central Air",4,3,0,2.012,481100,"Broadus Wood","Jouett","Albemarle",101,21,"Average",1
"1914",1976,2088,"Central Air",3,2,0,2.525,379500,"Meriwether Lewis","Henley","Western Albemarle",101,43,"Average",1
"1915",1977,2568,"Central Air",4,3,1,0,404300,"Hollymead","Sutherland","Albemarle",103,42,"Average",1
"1916",1994,2370,"Central Air",3,3,1,0.267,375000,"Hollymead","Sutherland","Albemarle",103,25,"Average",1
"1917",1996,1564,"Central Air",3,2,1,0.0913,208300,"Agnor-Hurt","Burley","Albemarle",106.02,23,"Average",1
"1918",2012,1360,"Central Air",3,2,1,0.06,261800,"Baker-Butler","Sutherland","Albemarle",102.01,7,"Average",0
"1919",2017,2972,"Central Air",5,4,1,0.092,575400,"Brownsville","Henley","Western Albemarle",111,2,"Average",1
"1920",2004,1710,"Central Air",3,2,1,0.111,284400,"Cale","Walton","Monticello",113.03,15,"Average",1
"1921",2012,2608,"Central Air",4,3,1,3.282,487500,"Brownsville","Henley","Western Albemarle",112.01,7,"Average",1
"1922",1999,2030,"Central Air",3,2,1,0.327,423000,"Woodbrook","Jouett","Albemarle",106.01,20,"Average",1
"1923",1998,2267,"Central Air",2,2,0,0.191,994200,"Murray","Henley","Western Albemarle",110,21,"Average",1
"1924",2000,1867,"Central Air",3,2,0,0.201,402300,"Cale","Walton","Monticello",113.03,19,"Average",1
"1925",2003,2197,"Central Air",4,3,1,0.286,433600,"Brownsville","Henley","Western Albemarle",111,16,"Average",1
"1926",1992,927,"Central Air",2,2,0,0,163900,"Greer","Jouett","Albemarle",107,27,"Average",1
"1927",2001,2661,"Central Air",3,2,1,0.191,475000,"Agnor-Hurt","Burley","Albemarle",106.02,18,"Average",1
"1928",1980,1224,"Central Air",3,1,1,0.166,178200,"Woodbrook","Jouett","Albemarle",107,39,"Average",1
"1929",1958,1260,"Central Air",3,2,0,2.051,264800,"Stony Point","Burley","Monticello",104.01,61,"Average",0
"1930",2018,2702,"Central Air",4,3,1,0.129,464700,"Baker-Butler","Sutherland","Albemarle",102.01,1,"Average",1
"1931",1981,1614,"Central Air",3,2,1,0.893,368500,"Woodbrook","Jouett","Albemarle",106.01,38,"Average",0
"1932",2009,1426,"Central Air",3,3,1,0.075,291700,"Baker-Butler","Sutherland","Albemarle",103,10,"Average",0
"1933",2005,2752,"Central Air",4,3,1,0.55,502100,"Cale","Walton","Monticello",112.02,14,"Average",1
"1934",1992,1172,"Central Air",2,2,0,0,204900,"Woodbrook","Jouett","Albemarle",106.01,27,"Average",0
"1935",1984,1330,"Central Air",3,3,1,1.641,385500,"Broadus Wood","Jouett","Albemarle",102.01,35,"Average",1
"1936",1997,1808,"Central Air",3,2,1,0.268,334100,"Brownsville","Henley","Western Albemarle",111,22,"Average",1
"1937",1963,2802,"Central Air",4,3,1,5.2,1360200,"Murray","Henley","Western Albemarle",110,56,"Average",1
"1938",1984,2554,"Central Air",3,2,1,2.803,463800,"Meriwether Lewis","Henley","Western Albemarle",101,35,"Average",1
"1939",1993,1176,"Central Air",3,2,0,0.269,155400,"Crozet","Henley","Western Albemarle",111,26,"Average",0
"1940",2006,1760,"Central Air",3,2,1,0.051,276400,"Brownsville","Henley","Western Albemarle",111,13,"Average",1
"1941",1957,3700,"Central Air",4,5,1,7.903,1065000,"Broadus Wood","Jouett","Albemarle",101,62,"Average",1
"1942",2001,2413,"Central Air",3,3,1,2,499300,"Broadus Wood","Jouett","Albemarle",102.02,18,"Average",1
"1943",1950,1806,"Central Air",3,2,0,5.467,151600,"Scottsville","Walton","Monticello",114,69,"Average",0
"1944",1993,1646,"Central Air",3,2,0,0.445,372700,"Cale","Walton","Monticello",113.01,26,"Average",1
"1945",2003,2006,"Central Air",3,2,0,0.316,417400,"Agnor-Hurt","Burley","Albemarle",106.02,16,"Average",1
"1946",1972,1984,"Central Air",3,2,0,15.45,709000,"Stone-Robinson","Burley","Monticello",104.01,47,"Average",1
"1947",2012,2384,"Central Air",4,2,1,0.176,405000,"Crozet","Henley","Western Albemarle",111,7,"Average",1
"1948",2010,1584,"Central Air",3,2,1,0.064,286700,"Baker-Butler","Sutherland","Albemarle",103,9,"Average",0
"1949",2001,2737,"Central Air",4,2,1,0.256,427000,"Agnor-Hurt","Burley","Albemarle",106.02,18,"Average",1
"1950",1960,2251,"Central Air",3,3,0,3.05,565600,"Greer","Jouett","Albemarle",108,59,"Average",1
"1951",1961,2946,"Central Air",2,3,1,6.22,374900,"Red Hill","Walton","Monticello",114,58,"Average",1
"1952",1978,2816,"Central Air",3,3,0,5,403700,"Scottsville","Walton","Monticello",114,41,"Average",1
"1953",1965,1338,"Central Air",3,2,0,1.24,250900,"Stone-Robinson","Burley","Monticello",104.02,54,"Average",1
"1954",1991,1180,"Central Air",2,2,1,0,210600,"Agnor-Hurt","Burley","Albemarle",106.02,28,"Average",1
"1955",1999,2852,"Central Air",4,2,1,0.429,493100,"Woodbrook","Jouett","Albemarle",106.01,20,"Average",1
"1956",2014,2701,"Central Air",5,2,1,3.51,509200,"Broadus Wood","Jouett","Albemarle",102.02,5,"Average",1
"1957",2004,3322,"Central Air",4,4,1,1.382,721200,"Broadus Wood","Jouett","Albemarle",102.01,15,"Average",1
"1958",1950,2483,"Central Air",4,2,0,2,394700,"Brownsville","Henley","Western Albemarle",111,69,"Average",1
"1959",2017,2798,"Central Air",5,3,1,0.164,610600,"Stone-Robinson","Burley","Monticello",105,2,"Average",1
"1960",1985,5287,"Central Air",5,5,1,3.091,827200,"Meriwether Lewis","Henley","Western Albemarle",101,34,"Average",1
"1961",1978,1920,"Central Air",3,1,1,40,497100,"Baker-Butler","Sutherland","Albemarle",104.01,41,"Average",1
"1962",1989,2084,"Central Air",3,2,0,5.036,310900,"Stone-Robinson","Walton","Monticello",113.01,30,"Average",0
"1963",1972,1080,"Central Air",3,1,1,1.272,189300,"Stone-Robinson","Burley","Monticello",104.01,47,"Average",0
"1964",1999,1512,"Central Air",4,2,0,2.813,155700,"Brownsville","Henley","Western Albemarle",112.01,20,"Average",0
"1965",1989,1521,"Central Air",3,3,0,6.02,268900,"Baker-Butler","Sutherland","Albemarle",102.01,30,"Average",1
"1966",1971,1428,"Central Air",5,3,0,0.6509,336900,"Woodbrook","Jouett","Albemarle",106.01,48,"Average",1
"1967",1950,2470,"Central Air",3,2,0,0.687,321400,"Stone-Robinson","Burley","Monticello",104.01,69,"Average",0
"1968",2009,1598,"Central Air",3,2,1,0.067,248100,"Greer","Jouett","Albemarle",108,10,"Average",0
"1969",1985,1641,"Central Air",4,3,1,0.948,298000,"Meriwether Lewis","Henley","Western Albemarle",110,34,"Average",0
"1970",1976,1152,"No Central Air",3,2,1,3.07,214000,"Scottsville","Walton","Monticello",113.01,43,"Average",1
"1971",1940,1052,"Central Air",2,1,0,28,237700,"Scottsville","Walton","Monticello",113.01,79,"Average",0
"1972",1977,1905,"Central Air",3,2,0,8.09,232400,"Stone-Robinson","Walton","Monticello",113.01,42,"Average",0
"1973",1800,1200,"Central Air",3,1,0,1.019,181500,"Stone-Robinson","Walton","Monticello",104.02,219,"Average",0
"1974",1991,1273,"Central Air",3,2,0,0.254,284500,"Cale","Walton","Monticello",113.03,28,"Average",1
"1975",1982,1230,"Central Air",3,1,2,0.086,168800,"Baker-Butler","Sutherland","Albemarle",102.01,37,"Average",1
"1976",2002,3448,"Central Air",5,4,1,2.003,878300,"Meriwether Lewis","Henley","Western Albemarle",102.02,17,"Average",1
"1977",1995,1568,"Central Air",3,2,1,0.254,300300,"Cale","Walton","Monticello",113.03,24,"Average",1
"1978",1754,3472,"Central Air",3,3,0,21,613300,"Stone-Robinson","Burley","Monticello",104.01,265,"Average",1
"1979",1993,912,"Central Air",3,1,0,2.245,134300,"Scottsville","Walton","Monticello",114,26,"Average",0
"1980",1964,2972,"Central Air",5,3,1,2.322,568300,"Woodbrook","Jouett","Albemarle",106.01,55,"Average",1
"1981",1987,1566,"Central Air",3,2,0,1.338,268000,"Broadus Wood","Jouett","Albemarle",102.01,32,"Average",1
"1982",2006,3420,"Central Air",4,4,1,0.522,674400,"Cale","Walton","Monticello",112.02,13,"Average",1
"1983",1968,1386,"Central Air",3,3,1,0,218000,"Greer","Jouett","Albemarle",108,51,"Average",0
"1984",2011,1400,"Central Air",3,2,1,3.17,166900,"Scottsville","Walton","Monticello",114,8,"Average",0
"1985",1984,1271,"Central Air",3,1,2,0.1003,252100,"Greer","Jouett","Albemarle",108,35,"Average",1
"1986",1974,960,"No Central Air",3,1,0,1.23,162800,"Stony Point","Burley","Monticello",105,45,"Average",0
"1987",1997,1778,"Central Air",3,2,1,0.241,329800,"Brownsville","Henley","Western Albemarle",111,22,"Average",1
"1988",1997,4486,"Central Air",4,4,1,1.273,1224100,"Stone-Robinson","Burley","Monticello",104.02,22,"Average",1
"1989",2014,2020,"Central Air",4,4,1,0.047,378100,"Cale","Walton","Monticello",113.03,5,"Average",1
"1990",1990,981,"Central Air",1,1,0,0.054,192800,"Woodbrook","Jouett","Albemarle",106.01,29,"Average",1
"1991",1989,1955,"Central Air",3,3,0,0.232,425600,"Woodbrook","Jouett","Albemarle",106.01,30,"Average",1
"1992",1962,816,"Central Air",2,1,1,0.52,94000,"Stone-Robinson","Burley","Monticello",104.01,57,"Average",1
"1993",1998,2628,"Central Air",4,2,0,66.27,352300,"Red Hill","Walton","Monticello",114,21,"Average",0
"1994",1870,1410,"No Central Air",3,1,0,102.5,1036800,"Stone-Robinson","Burley","Monticello",104.01,149,"Average",1
"1995",1995,1662,"Central Air",4,2,0,0.179,257000,"Crozet","Henley","Western Albemarle",111,24,"Average",1
"1996",1974,1008,"No Central Air",3,1,0,0,173900,"Crozet","Henley","Western Albemarle",111,45,"Average",0
"1997",2015,3735,"Central Air",4,2,1,3.27,1041200,"Red Hill","Walton","Monticello",112.02,4,"Average",1
"1998",1985,1935,"Central Air",3,2,1,0.223,334600,"Woodbrook","Jouett","Albemarle",106.01,34,"Average",1
"1999",2006,2916,"Central Air",4,2,1,0.336,449600,"Crozet","Henley","Western Albemarle",111,13,"Average",1
"2000",1979,1200,"Central Air",3,2,2,14.622,300200,"Stone-Robinson","Walton","Monticello",113.01,40,"Average",1
"2001",1996,3090,"Central Air",3,2,1,5.838,659900,"Broadus Wood","Jouett","Albemarle",101,23,"Average",1
"2002",2003,3305,"Central Air",4,4,0,2.16,448500,"Broadus Wood","Jouett","Albemarle",102.01,16,"Average",1
"2003",2010,1992,"Central Air",3,2,1,0.114,345800,"Brownsville","Henley","Western Albemarle",111,9,"Average",0
"2004",2013,3536,"Central Air",4,3,1,3.91,802300,"Red Hill","Walton","Monticello",112.02,6,"Average",1
"2005",1999,1584,"Central Air",5,3,1,24.8,459200,"Scottsville","Walton","Monticello",113.01,20,"Average",1
"2006",2014,1512,"Central Air",3,2,1,0.0755,297800,"Brownsville","Henley","Western Albemarle",111,5,"Average",0
"2007",2011,1636,"Central Air",3,2,1,0.046,299100,"Stone-Robinson","Burley","Monticello",105,8,"Average",0
"2008",1970,1982,"Central Air",4,2,1,0,371400,"Stony Point","Burley","Monticello",105,49,"Average",1
"2009",2001,1992,"Central Air",3,2,0,3.5,186300,"Scottsville","Walton","Monticello",114,18,"Average",0
"2010",2019,2411,"Central Air",4,3,1,0.123,518300,"Stone-Robinson","Burley","Monticello",105,0,"Average",1
"2011",2000,3367,"Central Air",4,5,0,91.945,921000,"Red Hill","Walton","Monticello",112.01,19,"Average",1
"2012",1977,960,"No Central Air",3,1,0,2.001,118400,"Crozet","Henley","Western Albemarle",101,42,"Average",0
"2013",1971,1033,"No Central Air",3,1,1,0,176200,"Crozet","Henley","Western Albemarle",111,48,"Average",0
"2014",2019,1440,"Central Air",3,2,1,0.0376,279400,"Baker-Butler","Sutherland","Albemarle",102.01,0,"Average",0
"2015",1969,1245,"No Central Air",3,3,0,0,246000,"Brownsville","Henley","Western Albemarle",111,50,"Average",1
"2016",1963,2149,"Central Air",3,3,0,0,578100,"Meriwether Lewis","Henley","Western Albemarle",101,56,"Average",1
"2017",2004,1008,"Central Air",3,2,0,2.3,256500,"Red Hill","Walton","Monticello",113.01,15,"Average",0
"2018",2006,4444,"Central Air",4,4,1,5.572,934200,"Broadus Wood","Jouett","Albemarle",101,13,"Average",1
"2019",2006,5081,"Central Air",5,4,1,1.422,848900,"Stone-Robinson","Burley","Monticello",104.02,13,"Average",1
"2020",2010,2366,"Central Air",3,2,1,15.64,572300,"Broadus Wood","Jouett","Albemarle",102.01,9,"Average",1
"2021",2017,2059,"Central Air",3,2,2,0.043,468600,"Stone-Robinson","Burley","Monticello",105,2,"Average",1
"2022",1994,1344,"Central Air",3,2,0,5.6,210500,"Red Hill","Walton","Monticello",114,25,"Average",1
"2023",1961,1276,"No Central Air",2,2,0,0,229400,"Baker-Butler","Sutherland","Albemarle",102.01,58,"Average",1
"2024",2002,3178,"Central Air",4,3,0,7.683,631900,"Brownsville","Henley","Western Albemarle",112.01,17,"Average",1
"2025",2015,2480,"Central Air",3,2,1,3,340100,"Stone-Robinson","Burley","Monticello",104.02,4,"Average",1
"2026",2015,2354,"Central Air",3,3,1,0.105,430700,"Agnor-Hurt","Burley","Albemarle",106.02,4,"Average",0
"2027",2014,3313,"Central Air",4,5,4,1.363,940300,"Greer","Jouett","Albemarle",108,5,"Average",1
"2028",2001,2978,"Central Air",4,3,1,2.832,630800,"Baker-Butler","Sutherland","Albemarle",104.01,18,"Average",1
"2029",1997,2165,"Central Air",3,3,1,5,406100,"Baker-Butler","Sutherland","Albemarle",102.01,22,"Average",1
"2030",1962,1247,"Central Air",3,1,1,0,225000,"Crozet","Henley","Western Albemarle",111,57,"Average",1
"2031",1996,1568,"Central Air",3,2,0,0.1011,191400,"Agnor-Hurt","Burley","Albemarle",106.02,23,"Average",1
"2032",1754,820,"No Central Air",1,1,0,26.38,197800,"Stony Point","Sutherland","Albemarle",104.01,265,"Average",1
"2033",2014,1728,"Central Air",4,3,1,0.08,351600,"Cale","Walton","Monticello",113.03,5,"Average",1
"2034",1971,1052,"No Central Air",3,1,1,0.2954,185000,"Baker-Butler","Sutherland","Albemarle",102.01,48,"Average",0
"2035",1900,1764,"Central Air",3,2,0,3.235,241200,"Brownsville","Henley","Western Albemarle",112.01,119,"Average",0
"2036",2013,2419,"Central Air",3,3,0,4.267,681200,"Meriwether Lewis","Henley","Western Albemarle",110,6,"Average",0
"2037",1980,936,"Central Air",3,2,0,0.15,280400,"Agnor-Hurt","Burley","Albemarle",106.02,39,"Average",1
"2038",1979,1008,"No Central Air",2,1,0,0.48,160100,"Baker-Butler","Sutherland","Albemarle",102.01,40,"Average",1
"2039",2006,3791,"Central Air",1,2,1,8.02,1201200,"Meriwether Lewis","Henley","Western Albemarle",101,13,"Average",1
"2040",2014,1500,"Central Air",3,3,0,0,345400,"Crozet","Henley","Western Albemarle",111,5,"Average",1
"2041",2001,1979,"Central Air",2,2,0,0.21,426500,"Agnor-Hurt","Burley","Albemarle",106.02,18,"Average",1
"2042",2006,2308,"Central Air",3,2,1,0.113,404600,"Brownsville","Henley","Western Albemarle",111,13,"Average",1
"2043",2004,2152,"Central Air",3,2,1,0.987,301600,"Red Hill","Walton","Monticello",112.02,15,"Average",1
"2044",1981,1230,"Central Air",3,1,1,0,167700,"Agnor-Hurt","Jouett","Albemarle",107,38,"Average",0
"2045",1974,1248,"Central Air",3,2,0,2,134500,"Red Hill","Walton","Monticello",114,45,"Average",0
"2046",1969,1286,"Central Air",5,3,0,0,316300,"Baker-Butler","Sutherland","Albemarle",103,50,"Average",1
"2047",1971,960,"No Central Air",3,1,0,2.04,211500,"Meriwether Lewis","Henley","Western Albemarle",101,48,"Average",1
"2048",1977,3382,"Central Air",5,3,1,2,749900,"Meriwether Lewis","Henley","Western Albemarle",110,42,"Average",1
"2049",2004,2740,"Central Air",5,2,2,0.22,459500,"Cale","Burley","Monticello",112.02,15,"Average",1
"2050",1920,2240,"No Central Air",4,1,0,48.83,425300,"Red Hill","Walton","Monticello",112.02,99,"Average",1
"2051",2011,2000,"Central Air",5,3,1,0.227,493600,"Brownsville","Henley","Western Albemarle",111,8,"Average",1
"2052",1993,1551,"Central Air",3,2,1,0,219400,"Baker-Butler","Sutherland","Albemarle",103,26,"Average",1
"2053",2013,1692,"Central Air",3,2,1,0.059,306000,"Baker-Butler","Sutherland","Albemarle",102.01,6,"Average",0
"2054",2005,3445,"Central Air",4,3,1,0.346,605000,"Stone-Robinson","Burley","Monticello",104.02,14,"Average",1
"2055",1997,1653,"Central Air",3,2,1,0.262,357800,"Cale","Walton","Monticello",113.03,22,"Average",1
"2056",1996,2501,"Central Air",5,3,1,0.536,479900,"Agnor-Hurt","Burley","Albemarle",106.02,23,"Average",1
"2057",1940,1981,"No Central Air",3,1,1,4.171,395200,"Broadus Wood","Jouett","Albemarle",102.01,79,"Average",1
"2058",1995,3087,"Central Air",4,3,1,0.411,587700,"Stone-Robinson","Burley","Monticello",104.02,24,"Average",1
"2059",1991,2750,"Central Air",3,2,1,0.129,773200,"Murray","Henley","Western Albemarle",110,28,"Average",1
"2060",1994,1400,"Central Air",3,3,0,0.289,333800,"Cale","Walton","Monticello",113.01,25,"Average",1
"2061",2007,1798,"Central Air",3,2,1,0.046,284800,"Baker-Butler","Sutherland","Albemarle",103,12,"Average",1
"2062",1992,2214,"Central Air",3,2,1,4,474200,"Baker-Butler","Sutherland","Albemarle",104.01,27,"Average",1
"2063",1986,3144,"Central Air",3,3,1,2.012,364600,"Baker-Butler","Sutherland","Albemarle",102.01,33,"Average",1
"2064",2010,1422,"Central Air",3,2,1,0.035,258100,"Brownsville","Henley","Western Albemarle",111,9,"Average",0
"2065",2014,3188,"Central Air",4,5,1,2.02,658300,"Baker-Butler","Sutherland","Albemarle",102.01,5,"Average",1
"2066",2013,2047,"Central Air",3,3,1,0.072,635400,"Murray","Henley","Western Albemarle",110,6,"Average",1
"2067",1982,960,"Central Air",3,1,0,2.029,176800,"Stone-Robinson","Walton","Monticello",113.01,37,"Average",1
"2068",1994,1598,"Central Air",4,3,0,0.425,324400,"Cale","Walton","Monticello",113.01,25,"Average",1
"2069",2018,2468,"Central Air",5,4,0,0.105,643300,"Stone-Robinson","Burley","Monticello",105,1,"Average",1
"2070",2015,3151,"Central Air",3,3,1,0.141,778900,"Greer","Jouett","Albemarle",108,4,"Average",1
"2071",1960,2112,"Central Air",3,2,0,1.877,372500,"Crozet","Henley","Western Albemarle",111,59,"Average",1
"2072",1968,2052,"No Central Air",3,1,1,20.97,588200,"Stony Point","Sutherland","Albemarle",104.01,51,"Average",1
"2073",2017,1168,"Central Air",2,1,1,0.023,195900,"Brownsville","Henley","Western Albemarle",111,2,"Average",0
"2074",2003,2764,"Central Air",3,3,1,0.284,509900,"Agnor-Hurt","Burley","Albemarle",106.02,16,"Average",1
"2075",1960,1080,"Central Air",4,1,0,4,96800,"Scottsville","Walton","Monticello",114,59,"Average",0
"2076",1950,2190,"Central Air",3,2,0,1.13,365000,"Crozet","Henley","Western Albemarle",111,69,"Average",1
"2077",1996,1707,"Central Air",3,2,0,0.197,251300,"Crozet","Henley","Western Albemarle",111,23,"Average",0
"2078",1966,640,"No Central Air",2,1,0,1.65,152000,"Broadus Wood","Jouett","Albemarle",102.01,53,"Average",0
"2079",1971,1040,"Central Air",3,2,0,0.529,259200,"Crozet","Henley","Western Albemarle",111,48,"Average",0
"2080",1995,1299,"Central Air",3,2,0,2,174500,"Scottsville","Walton","Monticello",114,24,"Average",0
"2081",2005,2841,"Central Air",3,3,0,2.1,530700,"Red Hill","Walton","Monticello",112.02,14,"Average",1
"2082",1973,1008,"No Central Air",3,1,0,2.5,169300,"Broadus Wood","Jouett","Albemarle",101,46,"Average",0
"2083",1999,2388,"Central Air",4,2,1,0.26,361400,"Baker-Butler","Sutherland","Albemarle",103,20,"Average",1
"2084",1962,1523,"No Central Air",4,3,0,0,263400,"Stony Point","Burley","Monticello",105,57,"Average",1
"2085",2011,1932,"Central Air",3,2,1,0.067,357200,"Agnor-Hurt","Burley","Albemarle",106.02,8,"Average",1
"2086",1989,1409,"Central Air",2,2,0,0.273,309400,"Cale","Walton","Monticello",113.03,30,"Average",1
"2087",2004,1334,"Central Air",3,2,1,0.124,201000,"Crozet","Henley","Western Albemarle",111,15,"Average",0
"2088",2018,1244,"Central Air",3,2,0,6.01,201800,"Scottsville","Walton","Monticello",114,1,"Average",0
"2089",1981,1200,"Central Air",3,1,1,0.095,180500,"Cale","Burley","Monticello",113.03,38,"Average",0
"2090",2002,2916,"Central Air",3,3,1,0.971,561100,"Stone-Robinson","Burley","Monticello",105,17,"Average",1
"2091",2009,1347,"Central Air",2,2,0,6,267100,"Red Hill","Walton","Monticello",114,10,"Average",0
"2092",1983,1132,"Central Air",2,1,1,0,198500,"Greer","Jouett","Albemarle",107,36,"Average",1
"2093",1979,1608,"Central Air",3,2,1,6.92,520000,"Meriwether Lewis","Henley","Western Albemarle",110,40,"Average",1
"2094",1992,1806,"Central Air",3,2,0,0.258,394700,"Baker-Butler","Sutherland","Albemarle",103,27,"Average",1
"2095",1998,2746,"Central Air",4,2,1,2.076,659900,"Meriwether Lewis","Henley","Western Albemarle",102.02,21,"Average",1
"2096",1991,1368,"Central Air",3,2,0,0,258100,"Crozet","Henley","Western Albemarle",111,28,"Average",0
"2097",2018,2907,"Central Air",3,2,1,0.48,597900,"Crozet","Henley","Western Albemarle",111,1,"Average",1
"2098",1993,1344,"Central Air",4,2,0,0.281,164000,"Crozet","Henley","Western Albemarle",111,26,"Average",0
"2099",1989,1781,"Central Air",4,2,1,0.302,346500,"Cale","Walton","Monticello",113.03,30,"Average",1
"2100",1982,1641,"Central Air",3,2,0,15.005,388700,"Meriwether Lewis","Henley","Western Albemarle",101,37,"Average",0
"2101",1985,1419,"Central Air",3,2,2,0,227800,"Woodbrook","Jouett","Albemarle",107,34,"Average",1
"2102",2010,2667,"Central Air",4,3,1,7.571,749900,"Broadus Wood","Jouett","Albemarle",101,9,"Average",1
"2103",1999,2442,"Central Air",4,3,1,0.3,449400,"Stony Point","Burley","Monticello",105,20,"Average",1
"2104",1959,1456,"Central Air",2,1,0,0.51,232900,"Brownsville","Henley","Western Albemarle",111,60,"Average",1
"2105",1878,2366,"No Central Air",6,4,0,35,908000,"Meriwether Lewis","Henley","Western Albemarle",101,141,"Average",1
"2106",1959,1602,"Central Air",3,3,0,0,265100,"Agnor-Hurt","Burley","Albemarle",107,60,"Average",1
"2107",2005,2112,"Central Air",4,2,1,0.528,341300,"Crozet","Henley","Western Albemarle",111,14,"Average",1
"2108",1962,1560,"Central Air",4,2,0,3.11,301000,"Woodbrook","Jouett","Albemarle",106.01,57,"Average",1
"2109",1965,1465,"Central Air",2,2,0,0,274800,"Greer","Jouett","Albemarle",108,54,"Average",1
"2110",1950,1584,"Central Air",3,2,0,5.35,285900,"Stone-Robinson","Burley","Monticello",104.02,69,"Average",1
"2111",2011,2000,"Central Air",3,2,1,0.229,487100,"Brownsville","Henley","Western Albemarle",111,8,"Average",1
"2112",1999,1848,"Central Air",3,2,0,0.15,384400,"Cale","Burley","Monticello",112.02,20,"Average",1
"2113",1986,2812,"Central Air",5,3,1,3.73,592600,"Meriwether Lewis","Henley","Western Albemarle",102.02,33,"Average",1
"2114",2014,2496,"Central Air",4,2,1,0.107,537500,"Brownsville","Henley","Western Albemarle",111,5,"Average",0
"2115",1986,2879,"Central Air",4,3,1,3.462,596800,"Murray","Henley","Western Albemarle",110,33,"Average",1
"2116",1996,1312,"Central Air",3,2,1,0.0843,192900,"Agnor-Hurt","Burley","Albemarle",106.02,23,"Average",1
"2117",2018,2090,"Central Air",3,2,2,0.055,338300,"Stone-Robinson","Burley","Monticello",105,1,"Average",0
"2118",1983,4403,"Central Air",4,2,1,21.2,983300,"Stone-Robinson","Burley","Monticello",104.01,36,"Average",1
"2119",1980,1152,"Central Air",3,1,1,2.13,230300,"Broadus Wood","Jouett","Albemarle",101,39,"Average",1
"2120",1972,1008,"Central Air",3,1,1,0.89,123900,"Stone-Robinson","Burley","Monticello",104.01,47,"Average",0
"2121",1984,1232,"Central Air",3,1,1,0,172500,"Woodbrook","Jouett","Albemarle",107,35,"Average",1
"2122",1993,2398,"Central Air",4,2,1,0.342,370700,"Baker-Butler","Sutherland","Albemarle",103,26,"Average",1
"2123",1990,4027,"Central Air",7,4,1,6.638,756000,"Murray","Henley","Western Albemarle",110,29,"Average",1
"2124",2009,1226,"Central Air",4,3,1,0.104,271600,"Crozet","Henley","Western Albemarle",111,10,"Average",0
"2125",1978,1152,"No Central Air",2,1,0,6,305100,"Broadus Wood","Jouett","Albemarle",102.01,41,"Average",1
"2126",1972,2871,"Central Air",4,2,1,0.5978,433000,"Woodbrook","Jouett","Albemarle",106.01,47,"Average",1
"2127",2001,4071,"Central Air",4,3,1,4.011,770800,"Broadus Wood","Jouett","Albemarle",102.01,18,"Average",1
"2128",2008,1668,"Central Air",4,3,1,0.05,295500,"Baker-Butler","Sutherland","Albemarle",103,11,"Average",0
"2129",1973,1837,"No Central Air",5,3,0,0,341600,"Baker-Butler","Sutherland","Albemarle",103,46,"Average",1
"2130",2004,2970,"Central Air",4,2,1,0.298,412400,"Brownsville","Henley","Western Albemarle",111,15,"Average",1
"2131",1930,1035,"No Central Air",2,1,0,2.31,210600,"Meriwether Lewis","Henley","Western Albemarle",101,89,"Average",0
"2132",1997,3656,"Central Air",4,5,0,2.3,847000,"Meriwether Lewis","Henley","Western Albemarle",110,22,"Average",1
"2133",1999,1766,"Central Air",1,3,0,26.8,337400,"Red Hill","Walton","Monticello",114,20,"Average",1
"2134",1996,2195,"Central Air",4,3,1,0.317,404400,"Cale","Walton","Monticello",113.01,23,"Average",0
"2135",1976,1196,"Central Air",4,3,0,2,294000,"Baker-Butler","Sutherland","Albemarle",102.01,43,"Average",1
"2136",1987,1614,"Central Air",4,2,0,0.372,322700,"Cale","Walton","Monticello",113.03,32,"Average",1
"2137",1993,1861,"Central Air",3,2,0,5,404600,"Crozet","Henley","Western Albemarle",112.01,26,"Average",0
"2138",2008,2576,"Central Air",3,2,1,2,333800,"Crozet","Henley","Western Albemarle",101,11,"Average",0
"2139",1999,2608,"Central Air",3,2,1,4.65,530200,"Broadus Wood","Jouett","Albemarle",102.02,20,"Average",1
"2140",1991,1212,"Central Air",3,2,0,0.295,311500,"Baker-Butler","Sutherland","Albemarle",103,28,"Average",1
"2141",2005,2900,"Central Air",3,3,1,0.316,520100,"Woodbrook","Jouett","Albemarle",106.01,14,"Average",1
"2142",1996,1456,"Central Air",3,3,0,11.944,258900,"Baker-Butler","Sutherland","Albemarle",102.01,23,"Average",0
"2143",2017,1880,"Central Air",4,3,0,0.038,317000,"Baker-Butler","Sutherland","Albemarle",103,2,"Average",0
"2144",1990,1440,"Central Air",2,2,0,4.96,216300,"Stone-Robinson","Burley","Monticello",104.01,29,"Average",0
"2145",2018,2160,"Central Air",4,3,1,0.145,373600,"Baker-Butler","Sutherland","Albemarle",102.01,1,"Average",0
"2146",1754,984,"No Central Air",3,1,0,0.33,116500,"Crozet","Henley","Western Albemarle",111,265,"Average",1
"2147",1989,1813,"Central Air",4,3,1,0.222,331200,"Baker-Butler","Sutherland","Albemarle",103,30,"Average",1
"2148",1974,2481,"Central Air",3,3,0,2.6,508300,"Greer","Jouett","Albemarle",108,45,"Average",1
"2149",1989,2464,"Central Air",3,4,0,18.17,381200,"Crozet","Henley","Western Albemarle",101,30,"Average",0
"2150",1970,1534,"Central Air",3,2,0,6.87,318100,"Baker-Butler","Sutherland","Albemarle",102.01,49,"Average",1
"2151",1993,3109,"Central Air",5,2,1,0.502,547800,"Baker-Butler","Sutherland","Albemarle",103,26,"Average",1
"2152",2007,2480,"Central Air",3,2,0,6.67,381500,"Scottsville","Walton","Monticello",113.01,12,"Average",1
"2153",1972,980,"Central Air",3,1,0,0.303,188700,"Crozet","Henley","Western Albemarle",111,47,"Average",0
"2154",2010,1592,"Central Air",4,3,1,0.043,328600,"Brownsville","Henley","Western Albemarle",111,9,"Average",0
"2155",2007,2393,"Central Air",3,2,1,5.384,594300,"Stony Point","Sutherland","Albemarle",104.01,12,"Average",1
"2156",1972,2401,"No Central Air",5,4,0,0,375300,"Baker-Butler","Sutherland","Albemarle",103,47,"Average",1
"2157",2002,1506,"Central Air",3,2,1,0.065,243200,"Hollymead","Sutherland","Albemarle",103,17,"Average",0
"2158",2015,1670,"Central Air",4,3,1,0.09,340300,"Stone-Robinson","Burley","Monticello",105,4,"Average",1
"2159",1985,1408,"Central Air",3,2,1,0,193900,"Woodbrook","Jouett","Albemarle",107,34,"Average",1
"2160",2001,1084,"Central Air",3,2,0,9.0692,150300,"Stone-Robinson","Burley","Monticello",104.01,18,"Average",0
"2161",1975,1459,"Central Air",3,2,1,0,194000,"Agnor-Hurt","Burley","Albemarle",106.02,44,"Average",1
"2162",1946,768,"Central Air",2,1,0,1.616,172600,"Cale","Walton","Monticello",113.01,73,"Average",0
"2163",1981,3165,"Central Air",4,4,1,1.178,599700,"Meriwether Lewis","Henley","Western Albemarle",110,38,"Average",1
"2164",1978,1144,"Central Air",3,2,0,2.5,239400,"Stone-Robinson","Burley","Monticello",104.02,41,"Average",1
"2165",1974,2156,"Central Air",4,3,1,0.268,370500,"Greer","Jouett","Albemarle",108,45,"Average",1
"2166",2001,3624,"Central Air",5,4,1,0.434,658400,"Stone-Robinson","Burley","Monticello",104.02,18,"Average",1
"2167",2005,3621,"Central Air",6,4,1,0.497,692400,"Stone-Robinson","Burley","Monticello",104.02,14,"Average",1
"2168",1968,1316,"Central Air",3,2,0,3.01,288300,"Meriwether Lewis","Henley","Western Albemarle",101,51,"Average",1
"2169",1975,1338,"Central Air",4,3,0,0.374,245200,"Crozet","Henley","Western Albemarle",111,44,"Average",1
"2170",2007,1826,"Central Air",3,2,1,7.876,392300,"Stone-Robinson","Burley","Monticello",104.01,12,"Average",1
"2171",2005,1557,"Central Air",3,2,0,4.8,111100,"Scottsville","Walton","Monticello",114,14,"Average",1
"2172",2002,1958,"Central Air",2,2,0,0.246,462700,"Agnor-Hurt","Burley","Albemarle",106.02,17,"Average",1
"2173",2006,3300,"Central Air",5,4,1,0.459,588700,"Cale","Walton","Monticello",112.02,13,"Average",1
"2174",1975,2232,"Central Air",3,2,0,3.581,267900,"Brownsville","Henley","Western Albemarle",111,44,"Average",1
"2175",1998,2448,"Central Air",3,2,1,1.0308,366400,"Woodbrook","Jouett","Albemarle",106.01,21,"Average",1
"2176",1993,1356,"Central Air",4,2,0,3.85,247400,"Baker-Butler","Sutherland","Albemarle",103,26,"Average",0
"2177",2013,1890,"Central Air",4,4,0,0.0596,310800,"Stone-Robinson","Burley","Monticello",105,6,"Average",0
"2178",1992,1756,"Central Air",2,2,1,0,253900,"Agnor-Hurt","Burley","Albemarle",106.02,27,"Average",1
"2179",2001,2452,"Central Air",4,2,1,0.313,403900,"Stony Point","Burley","Monticello",105,18,"Average",1
"2180",1900,1580,"No Central Air",3,2,0,0.544,286100,"Crozet","Henley","Western Albemarle",111,119,"Average",1
"2181",2014,4096,"Central Air",5,5,1,5.12,928600,"Stone-Robinson","Burley","Monticello",104.02,5,"Average",1
"2182",1963,1014,"Central Air",5,2,0,0.45,239900,"Cale","Burley","Monticello",113.02,56,"Average",0
"2183",2005,2326,"Central Air",4,2,1,0.158,400800,"Brownsville","Henley","Western Albemarle",111,14,"Average",1
"2184",2000,2030,"Central Air",3,2,1,0.344,423000,"Woodbrook","Jouett","Albemarle",106.01,19,"Average",1
"2185",1997,2734,"Central Air",5,3,1,1.581,493700,"Broadus Wood","Jouett","Albemarle",101,22,"Average",1
"2186",2002,1712,"Central Air",3,2,1,0.112,268200,"Hollymead","Sutherland","Albemarle",103,17,"Average",1
"2187",1972,1854,"Central Air",5,3,0,1.817,283900,"Broadus Wood","Jouett","Albemarle",102.02,47,"Average",1
"2188",1966,1978,"Central Air",4,3,0,6.329,452900,"Stony Point","Burley","Monticello",105,53,"Average",1
"2189",1972,1832,"Central Air",4,2,1,0.6309,302300,"Woodbrook","Jouett","Albemarle",106.01,47,"Average",1
"2190",1875,3888,"Central Air",3,3,0,2.366,632200,"Brownsville","Henley","Western Albemarle",112.01,144,"Average",1
"2191",2018,2397,"Central Air",3,3,1,63.979,709300,"Baker-Butler","Sutherland","Albemarle",104.01,1,"Average",0
"2192",2014,3244,"Central Air",6,5,1,0.469,661000,"Stony Point","Burley","Monticello",105,5,"Average",1
"2193",1989,2023,"Central Air",3,3,1,8.624,645200,"Brownsville","Henley","Western Albemarle",112.01,30,"Average",1
"2194",1979,1914,"Central Air",3,2,0,178.6,1134700,"Red Hill","Walton","Monticello",112.01,40,"Average",1
"2195",2019,2424,"Central Air",4,3,1,0.212,505700,"Stone-Robinson","Burley","Monticello",104.02,0,"Average",1
"2196",2012,3938,"Central Air",4,4,1,0.477,829600,"Brownsville","Henley","Western Albemarle",111,7,"Average",0
"2197",2017,1168,"Central Air",2,1,1,0.023,195400,"Brownsville","Henley","Western Albemarle",111,2,"Average",0
"2198",1979,2858,"Central Air",3,3,0,5.73,422500,"Stone-Robinson","Burley","Monticello",104.02,40,"Average",1
"2199",1957,672,"No Central Air",4,1,0,2,82000,"Stone-Robinson","Burley","Monticello",104.01,62,"Average",0
"2200",1967,1561,"No Central Air",3,2,0,0.32,211900,"Baker-Butler","Sutherland","Albemarle",103,52,"Average",1
"2201",1990,3959,"Central Air",6,4,1,3.733,773300,"Meriwether Lewis","Henley","Western Albemarle",101,29,"Average",1
"2202",2002,3089,"Central Air",4,4,1,8.02,708700,"Stone-Robinson","Burley","Monticello",104.02,17,"Average",1
"2203",2002,1966,"Central Air",3,2,1,0.179,308100,"Baker-Butler","Sutherland","Albemarle",103,17,"Average",1
"2204",1982,1088,"Central Air",3,2,0,1.404,232000,"Broadus Wood","Jouett","Albemarle",102.01,37,"Average",0
"2205",2001,1803,"Central Air",3,2,1,0.119,286600,"Hollymead","Sutherland","Albemarle",103,18,"Average",1
"2206",1963,1112,"Central Air",3,1,0,0.299,137300,"Crozet","Henley","Western Albemarle",111,56,"Average",0
"2207",1996,2788,"Central Air",5,3,1,1.508,649900,"Stone-Robinson","Burley","Monticello",105,23,"Average",1
"2208",2006,1842,"Central Air",3,2,1,0.065,306400,"Woodbrook","Jouett","Albemarle",106.01,13,"Average",1
"2209",1983,1330,"Central Air",3,1,2,0,183700,"Agnor-Hurt","Jouett","Albemarle",107,36,"Average",1
"2210",2002,1595,"Central Air",3,2,0,0.143,306000,"Brownsville","Henley","Western Albemarle",111,17,"Average",1
"2211",1973,3628,"Central Air",4,2,1,4.152,609400,"Broadus Wood","Jouett","Albemarle",102.02,46,"Average",1
"2212",1905,1344,"No Central Air",3,1,0,0.25,175100,"Crozet","Henley","Western Albemarle",111,114,"Average",0
"2213",2003,2572,"Central Air",3,2,1,0.15,394900,"Brownsville","Henley","Western Albemarle",111,16,"Average",1
"2214",2017,1880,"Central Air",4,3,1,0.034,321000,"Baker-Butler","Sutherland","Albemarle",103,2,"Average",0
"2215",1986,4217,"Central Air",5,4,0,52,1409500,"Crozet","Henley","Western Albemarle",101,33,"Average",1
"2216",1996,2591,"Central Air",5,4,1,2.597,627600,"Meriwether Lewis","Henley","Western Albemarle",102.02,23,"Average",1
"2217",1991,1238,"Central Air",2,2,0,0.115,215100,"Cale","Walton","Monticello",113.03,28,"Average",0
"2218",2016,3655,"Central Air",5,5,1,0.481,1020200,"Brownsville","Henley","Western Albemarle",111,3,"Average",1
"2219",1991,2692,"Central Air",5,3,1,0.311,436900,"Woodbrook","Jouett","Albemarle",106.01,28,"Average",1
"2220",1971,1215,"Central Air",3,3,0,0,270800,"Baker-Butler","Sutherland","Albemarle",103,48,"Average",1
"2221",1979,1390,"Central Air",2,2,0,4.4,261400,"Meriwether Lewis","Henley","Western Albemarle",102.02,40,"Average",0
"2222",1954,1254,"No Central Air",3,1,0,0.62,141000,"Brownsville","Henley","Western Albemarle",111,65,"Average",1
"2223",1978,2760,"Central Air",3,2,0,2.011,269600,"Broadus Wood","Jouett","Albemarle",102.01,41,"Average",0
"2224",1985,2939,"Central Air",4,3,1,2.395,565600,"Greer","Jouett","Albemarle",108,34,"Average",1
"2225",2002,1504,"Central Air",3,2,0,2,280500,"Red Hill","Walton","Monticello",112.02,17,"Average",1
"2226",1995,2038,"Central Air",3,2,1,0.295,371900,"Cale","Walton","Monticello",113.01,24,"Average",0
"2227",1972,1008,"Central Air",3,1,0,2,134400,"Red Hill","Walton","Monticello",114,47,"Average",0
"2228",1989,1965,"Central Air",4,3,1,0.395,407400,"Cale","Walton","Monticello",113.03,30,"Average",1
"2229",1960,1208,"Central Air",3,1,0,2.965,207800,"Crozet","Henley","Western Albemarle",101,59,"Average",0
"2230",1980,960,"No Central Air",3,2,0,2.5,142500,"Scottsville","Walton","Monticello",113.01,39,"Average",0
"2231",1935,1172,"No Central Air",2,1,0,9.517,251300,"Broadus Wood","Jouett","Albemarle",102.01,84,"Average",0
"2232",1991,2911,"Central Air",4,3,1,2.232,734800,"Meriwether Lewis","Henley","Western Albemarle",102.02,28,"Average",1
"2233",1981,1735,"Central Air",3,2,0,16.84,277800,"Stony Point","Sutherland","Albemarle",104.01,38,"Average",0
"2234",1984,1344,"Central Air",2,2,1,0,182800,"Woodbrook","Jouett","Albemarle",107,35,"Average",0
"2235",1987,1850,"Central Air",3,2,0,0.428,348600,"Cale","Walton","Monticello",113.03,32,"Average",1
"2236",1978,2312,"Central Air",4,2,1,0,395700,"Broadus Wood","Jouett","Albemarle",102.02,41,"Average",1
"2237",1962,1517,"Central Air",3,2,1,0,320800,"Greer","Jouett","Albemarle",108,57,"Average",1
"2238",1974,1348,"Central Air",3,1,1,3.33,289000,"Broadus Wood","Jouett","Albemarle",102.02,45,"Average",1
"2239",1995,1835,"Central Air",4,2,2,0.232,303400,"Cale","Burley","Monticello",113.03,24,"Average",1
"2240",2017,1624,"Central Air",3,3,0,0.122,525300,"Stone-Robinson","Burley","Monticello",105,2,"Average",1
"2241",2004,1616,"Central Air",3,2,1,0.05,244700,"Brownsville","Henley","Western Albemarle",111,15,"Average",0
"2242",2018,1674,"Central Air",3,3,1,0.084,394300,"Cale","Walton","Monticello",113.03,1,"Average",1
"2243",1961,1482,"Central Air",3,1,1,0.273,214900,"Agnor-Hurt","Burley","Albemarle",108,58,"Average",0
"2244",1999,1536,"Central Air",3,2,0,3.21,254800,"Stone-Robinson","Burley","Monticello",104.01,20,"Average",1
"2245",1987,1755,"Central Air",4,2,0,5.021,222300,"Scottsville","Walton","Monticello",113.01,32,"Average",0
"2246",1967,2454,"Central Air",4,3,0,0,432000,"Greer","Jouett","Albemarle",108,52,"Average",1
"2247",2003,4275,"Central Air",4,4,1,2,793100,"Broadus Wood","Jouett","Albemarle",102.02,16,"Average",1
"2248",2006,1824,"Central Air",3,2,1,0.064,305100,"Woodbrook","Jouett","Albemarle",106.01,13,"Average",1
"2249",1992,3180,"Central Air",3,3,0,0.586,554400,"Murray","Henley","Western Albemarle",110,27,"Average",1
"2250",2004,1416,"Central Air",3,2,0,0.097,240100,"Cale","Walton","Monticello",113.03,15,"Average",1
"2251",2012,2450,"Central Air",4,3,1,0.081,418200,"Brownsville","Henley","Western Albemarle",111,7,"Average",0
"2252",1998,2521,"Central Air",4,3,1,0.357,439100,"Agnor-Hurt","Burley","Albemarle",106.02,21,"Average",1
"2253",1997,2817,"Central Air",3,4,0,1.837,478200,"Broadus Wood","Jouett","Albemarle",101,22,"Average",1
"2254",2003,2726,"Central Air",4,3,1,3.21,917300,"Murray","Henley","Western Albemarle",110,16,"Average",0
"2255",1978,2448,"Central Air",4,2,0,4.783,428000,"Broadus Wood","Jouett","Albemarle",102.02,41,"Average",1
"2256",1978,1200,"Central Air",3,3,0,0.59,227100,"Brownsville","Henley","Western Albemarle",111,41,"Average",0
"2257",1992,945,"No Central Air",3,1,0,3.32,108300,"Stone-Robinson","Burley","Monticello",104.01,27,"Average",0
"2258",2017,1548,"Central Air",3,3,0,0.148,464600,"Agnor-Hurt","Burley","Albemarle",106.02,2,"Average",1
"2259",2015,3626,"Central Air",4,3,2,0.475,659000,"Brownsville","Henley","Western Albemarle",111,4,"Average",1
"2260",1986,1478,"Central Air",3,2,1,0,278300,"Hollymead","Sutherland","Albemarle",103,33,"Average",1
"2261",2010,1335,"Central Air",3,2,1,0.046,248100,"Stone-Robinson","Burley","Monticello",105,9,"Average",0
"2262",2005,3002,"Central Air",3,3,1,3,387300,"Stone-Robinson","Burley","Monticello",104.02,14,"Average",1
"2263",1992,3504,"Central Air",6,4,1,0.428,587400,"Baker-Butler","Sutherland","Albemarle",103,27,"Average",1
"2264",1985,3456,"Central Air",4,3,0,2.52,618500,"Meriwether Lewis","Henley","Western Albemarle",110,34,"Average",1
"2265",1994,1334,"Central Air",3,3,1,0.089,195300,"Baker-Butler","Sutherland","Albemarle",102.01,25,"Average",1
"2266",1999,1516,"Central Air",3,2,0,0.131,356600,"Cale","Burley","Monticello",112.02,20,"Average",1
"2267",2013,2178,"Central Air",4,4,0,0.139,495000,"Agnor-Hurt","Burley","Albemarle",106.02,6,"Average",1
"2268",1988,2376,"Central Air",4,3,1,2.007,554300,"Meriwether Lewis","Henley","Western Albemarle",110,31,"Average",1
"2269",1975,1447,"Central Air",3,2,0,2.006,255900,"Broadus Wood","Jouett","Albemarle",102.01,44,"Average",1
"2270",2015,2244,"Central Air",5,3,1,0.48,625900,"Brownsville","Henley","Western Albemarle",111,4,"Average",1
"2271",1979,1952,"Central Air",4,3,0,0.93,356100,"Brownsville","Henley","Western Albemarle",111,40,"Average",1
"2272",1991,1656,"Central Air",3,3,1,6.4,364300,"Broadus Wood","Jouett","Albemarle",102.01,28,"Average",1
"2273",1999,1851,"Central Air",3,2,0,0.176,384600,"Cale","Burley","Monticello",112.02,20,"Average",1
"2274",1981,1712,"Central Air",3,2,0,16.36,221300,"Scottsville","Walton","Monticello",114,38,"Average",0
"2275",1930,896,"No Central Air",2,1,0,5,251500,"Crozet","Henley","Western Albemarle",101,89,"Average",0
"2276",2012,2580,"Central Air",3,2,1,21.05,621900,"Scottsville","Walton","Monticello",114,7,"Average",1
"2277",1920,1760,"No Central Air",2,1,0,15.624,398700,"Meriwether Lewis","Henley","Western Albemarle",101,99,"Average",1
"2278",2007,2259,"Central Air",4,2,1,0.173,407400,"Cale","Walton","Monticello",113.01,12,"Average",1
"2279",2004,3231,"Central Air",4,4,1,2.548,373800,"Broadus Wood","Jouett","Albemarle",102.01,15,"Average",1
"2280",2018,1952,"Central Air",4,2,1,0.136,394700,"Baker-Butler","Sutherland","Albemarle",102.01,1,"Average",0
"2281",2001,5436,"Central Air",4,4,2,110.17,1793500,"Meriwether Lewis","Henley","Western Albemarle",101,18,"Average",1
"2282",1981,1245,"Central Air",1,1,0,5,322800,"Brownsville","Henley","Western Albemarle",112.01,38,"Average",0
"2283",1967,1884,"Central Air",3,2,0,0,343900,"Stony Point","Burley","Monticello",105,52,"Average",1
"2284",1976,3280,"Central Air",4,2,1,2.003,512100,"Broadus Wood","Jouett","Albemarle",102.02,43,"Average",1
"2285",1995,1197,"Central Air",2,2,0,0.06,214600,"Woodbrook","Jouett","Albemarle",106.01,24,"Average",0
"2286",1972,1108,"Central Air",3,1,1,0,214300,"Woodbrook","Jouett","Albemarle",107,47,"Average",1
"2287",1985,3877,"Central Air",7,4,0,3.038,810600,"Greer","Jouett","Albemarle",108,34,"Average",1
"2288",1979,1851,"Central Air",3,2,0,5.49,352500,"Stone-Robinson","Burley","Monticello",104.01,40,"Average",1
"2289",1964,3635,"Central Air",4,3,1,0.6501,407800,"Woodbrook","Jouett","Albemarle",106.01,55,"Average",1
"2290",2003,1697,"Central Air",3,3,0,0.111,281100,"Hollymead","Sutherland","Albemarle",103,16,"Average",1
"2291",1990,1862,"Central Air",4,2,0,0.316,355000,"Cale","Walton","Monticello",113.03,29,"Average",0
"2292",1966,1331,"No Central Air",3,1,1,8.43,322600,"Meriwether Lewis","Henley","Western Albemarle",101,53,"Average",1
"2293",1971,1682,"Central Air",3,2,0,0,323800,"Baker-Butler","Sutherland","Albemarle",103,48,"Average",1
"2294",1989,1344,"Central Air",3,2,0,2,249400,"Broadus Wood","Jouett","Albemarle",102.02,30,"Average",1
"2295",1988,2325,"Central Air",3,2,1,7.01,416700,"Stone-Robinson","Burley","Monticello",104.02,31,"Average",1
"2296",1987,1040,"No Central Air",1,1,0,2.05,114100,"Stone-Robinson","Burley","Monticello",104.01,32,"Average",0
"2297",1947,3484,"Central Air",5,3,1,8.2,932600,"Murray","Henley","Western Albemarle",110,72,"Average",1
"2298",1996,1236,"Central Air",3,2,0,0.533,302300,"Cale","Walton","Monticello",113.03,23,"Average",1
"2299",2000,3038,"Central Air",4,2,1,0.344,450000,"Woodbrook","Jouett","Albemarle",106.01,19,"Average",1
"2300",1958,1073,"No Central Air",3,1,1,0,226200,"Agnor-Hurt","Burley","Albemarle",107,61,"Average",0
"2301",2005,2116,"Central Air",3,2,1,0.194,383700,"Cale","Burley","Monticello",112.02,14,"Average",1
"2302",2014,1440,"Central Air",4,3,1,0.084,306600,"Stone-Robinson","Burley","Monticello",105,5,"Average",1
"2303",2006,1920,"Central Air",3,2,1,7.07,344300,"Broadus Wood","Jouett","Albemarle",101,13,"Average",1
"2304",1985,1710,"No Central Air",2,2,0,10,345600,"Broadus Wood","Jouett","Albemarle",101,34,"Average",1
"2305",1994,1560,"No Central Air",1,1,0,38.851,308600,"Brownsville","Henley","Western Albemarle",112.01,25,"Average",0
"2306",1956,1702,"Central Air",3,2,0,2.25,306700,"Stone-Robinson","Burley","Monticello",104.01,63,"Average",1
"2307",2013,2914,"Central Air",3,2,1,7.53,887300,"Red Hill","Walton","Monticello",112.02,6,"Average",1
"2308",1973,2818,"Central Air",4,2,1,0,377200,"Hollymead","Sutherland","Albemarle",103,46,"Average",1
"2309",2014,1680,"Central Air",3,3,1,0.068,389900,"Agnor-Hurt","Burley","Albemarle",106.02,5,"Average",1
"2310",1998,1810,"Central Air",2,2,0,0.146,308000,"Cale","Walton","Monticello",113.03,21,"Average",1
"2311",1973,3056,"No Central Air",3,2,1,2.002,365700,"Stony Point","Burley","Monticello",105,46,"Average",0
"2312",2012,1724,"Central Air",3,3,1,0.158,325100,"Cale","Burley","Monticello",113.02,7,"Average",0
"2313",1990,2750,"Central Air",4,2,1,0.937,451000,"Baker-Butler","Sutherland","Albemarle",103,29,"Average",1
"2314",1975,1056,"No Central Air",3,2,0,6.39,226500,"Stone-Robinson","Walton","Monticello",113.01,44,"Average",1
"2315",2017,1940,"Central Air",3,3,1,0.046,460900,"Brownsville","Henley","Western Albemarle",111,2,"Average",0
"2316",1992,1182,"Central Air",2,2,1,0,226100,"Agnor-Hurt","Burley","Albemarle",106.02,27,"Average",1
"2317",1945,1344,"No Central Air",3,1,0,91.95,389800,"Broadus Wood","Jouett","Albemarle",101,74,"Average",0
"2318",1994,2024,"Central Air",4,3,1,0.39,351500,"Crozet","Henley","Western Albemarle",111,25,"Average",1
"2319",1996,1236,"Central Air",3,3,0,0.109,275800,"Agnor-Hurt","Burley","Albemarle",106.02,23,"Average",1
"2320",1950,1599,"No Central Air",3,2,0,1.181,215500,"Cale","Walton","Monticello",113.03,69,"Average",0
"2321",1991,1520,"Central Air",3,2,1,4.341,275700,"Stone-Robinson","Walton","Monticello",104.02,28,"Average",1
"2322",1978,1440,"Central Air",3,2,1,0.2241,291200,"Agnor-Hurt","Burley","Albemarle",106.02,41,"Average",1
"2323",2004,1754,"Central Air",3,2,1,0.045,276300,"Brownsville","Henley","Western Albemarle",111,15,"Average",1
"2324",1994,1944,"Central Air",4,2,1,0.26,394300,"Hollymead","Sutherland","Albemarle",103,25,"Average",1
"2325",1801,2314,"No Central Air",4,2,0,237.05,319800,"Scottsville","Walton","Monticello",114,218,"Average",1
"2326",1978,1216,"No Central Air",3,1,0,2.61,175100,"Stone-Robinson","Burley","Monticello",104.01,41,"Average",0
"2327",2015,1680,"Central Air",3,3,0,0.068,368700,"Agnor-Hurt","Burley","Albemarle",106.02,4,"Average",0
"2328",1965,1943,"Central Air",4,2,0,1.4596,385800,"Woodbrook","Jouett","Albemarle",106.01,54,"Average",1
"2329",2006,1696,"Central Air",3,2,1,1.455,203200,"Red Hill","Walton","Monticello",112.02,13,"Average",0
"2330",1963,1210,"Central Air",4,3,0,2.61,373000,"Meriwether Lewis","Henley","Western Albemarle",110,56,"Average",1
"2331",1980,1200,"Central Air",3,1,1,0.096,177800,"Cale","Burley","Monticello",113.03,39,"Average",1
"2332",1998,1824,"Central Air",3,3,0,0.4,365300,"Cale","Walton","Monticello",113.01,21,"Average",0
"2333",2013,3254,"Central Air",3,3,1,7.8,663800,"Stony Point","Sutherland","Albemarle",104.01,6,"Average",1
"2334",1966,2048,"Central Air",4,3,0,0.5461,399400,"Woodbrook","Jouett","Albemarle",106.01,53,"Average",1
"2335",1987,2610,"Central Air",4,2,1,2.46,519800,"Meriwether Lewis","Henley","Western Albemarle",110,32,"Average",1
"2336",1991,1981,"Central Air",4,2,1,0.197,313200,"Baker-Butler","Sutherland","Albemarle",103,28,"Average",1
"2337",1994,1144,"Central Air",2,2,0,0.34,323600,"Cale","Walton","Monticello",113.01,25,"Average",0
"2338",2006,3515,"Central Air",4,4,1,0.846,715600,"Brownsville","Henley","Western Albemarle",111,13,"Average",1
"2339",1992,1296,"Central Air",3,3,1,122.624,769900,"Brownsville","Henley","Western Albemarle",112.01,27,"Average",1
"2340",1952,624,"Central Air",2,1,0,0.34,111600,"Crozet","Henley","Western Albemarle",101,67,"Average",0
"2341",1992,1000,"Central Air",3,3,0,5.8,157800,"Scottsville","Walton","Monticello",113.01,27,"Average",0
"2342",1972,1261,"Central Air",3,1,1,0,164800,"Cale","Burley","Monticello",113.02,47,"Average",0
"2343",2019,1863,"Central Air",3,2,1,0.076,130000,"Brownsville","Henley","Western Albemarle",111,0,"Average",0
"2344",2017,3122,"Central Air",3,4,1,0.197,687900,"Brownsville","Henley","Western Albemarle",111,2,"Average",1
"2345",1967,1500,"Central Air",4,3,0,0.5679,400100,"Woodbrook","Jouett","Albemarle",106.01,52,"Average",1
"2346",2012,4404,"Central Air",4,4,0,16.251,1027800,"Crozet","Henley","Western Albemarle",101,7,"Average",1
"2347",2005,1782,"Central Air",3,3,1,7.332,531700,"Broadus Wood","Jouett","Albemarle",102.02,14,"Average",0
"2348",1975,1376,"Central Air",3,2,0,1.004,234300,"Broadus Wood","Jouett","Albemarle",102.02,44,"Average",1
"2349",1960,1350,"Central Air",5,3,0,1.042,816600,"Murray","Henley","Western Albemarle",110,59,"Average",1
"2350",1997,2694,"Central Air",3,2,0,6.526,424100,"Stone-Robinson","Burley","Monticello",104.01,22,"Average",1
"2351",1983,1171,"Central Air",3,3,0,0.2458,209700,"Baker-Butler","Sutherland","Albemarle",102.01,36,"Average",1
"2352",1920,1784,"No Central Air",2,1,1,0,135400,"Scottsville","Walton","Monticello",114,99,"Average",0
"2353",2014,2688,"Central Air",4,3,1,1.094,528200,"Woodbrook","Jouett","Albemarle",106.01,5,"Average",1
"2354",2007,2721,"Central Air",3,3,2,1.1476,657100,"Woodbrook","Jouett","Albemarle",106.01,12,"Average",1
"2355",1930,1600,"Central Air",3,1,0,0.5,171000,"Crozet","Henley","Western Albemarle",111,89,"Average",0
"2356",2001,2893,"No Central Air",3,2,0,9.351,673400,"Meriwether Lewis","Henley","Western Albemarle",101,18,"Average",0
"2357",2002,2410,"Central Air",4,2,1,0.31,409600,"Agnor-Hurt","Burley","Albemarle",106.02,17,"Average",1
"2358",2015,2944,"Central Air",4,5,1,0.46,626200,"Stony Point","Burley","Monticello",105,4,"Average",1
"2359",1993,1571,"Central Air",3,2,1,0,220900,"Baker-Butler","Sutherland","Albemarle",103,26,"Average",1
"2360",1992,2759,"Central Air",5,3,0,0.386,509800,"Agnor-Hurt","Burley","Albemarle",106.02,27,"Average",1
"2361",1876,2399,"Central Air",2,2,0,5.04,364800,"Brownsville","Henley","Western Albemarle",112.01,143,"Average",1
"2362",1972,1456,"Central Air",3,1,1,0,190200,"Cale","Burley","Monticello",113.02,47,"Average",0
"2363",1967,1740,"Central Air",5,3,0,5.6,496200,"Broadus Wood","Jouett","Albemarle",102.02,52,"Average",1
"2364",1957,832,"No Central Air",1,1,0,1,100400,"Stone-Robinson","Walton","Monticello",113.01,62,"Average",0
"2365",1981,1736,"Central Air",3,3,0,1.024,510000,"Meriwether Lewis","Henley","Western Albemarle",110,38,"Average",1
"2366",2000,2604,"Central Air",4,2,1,0.353,428800,"Brownsville","Henley","Western Albemarle",111,19,"Average",1
"2367",2006,3296,"Central Air",4,3,2,3.08,836400,"Red Hill","Walton","Monticello",112.01,13,"Average",1
"2368",2002,1488,"Central Air",3,2,1,0.09,244000,"Hollymead","Sutherland","Albemarle",103,17,"Average",1
"2369",1993,2108,"Central Air",4,2,1,0.325,354700,"Cale","Walton","Monticello",113.01,26,"Average",1
"2370",2010,1696,"Central Air",3,2,1,0.095,379600,"Agnor-Hurt","Burley","Albemarle",106.02,9,"Average",0
"2371",2004,2467,"Central Air",4,2,1,0.3387,414800,"Brownsville","Henley","Western Albemarle",111,15,"Average",1
"2372",2013,3841,"Central Air",4,4,2,3.011,1601700,"Stone-Robinson","Burley","Monticello",104.01,6,"Average",1
"2373",1972,2240,"Central Air",4,2,1,0.436,335200,"Greer","Jouett","Albemarle",108,47,"Average",1
"2374",2005,4050,"Central Air",5,5,1,3.389,585900,"Broadus Wood","Jouett","Albemarle",102.01,14,"Average",1
"2375",1975,2208,"No Central Air",3,2,0,3.28,312800,"Stony Point","Sutherland","Albemarle",104.01,44,"Average",0
"2376",1982,1230,"Central Air",3,1,1,0.078,162100,"Baker-Butler","Sutherland","Albemarle",102.01,37,"Average",0
"2377",1983,2352,"Central Air",3,2,1,1.048,399000,"Greer","Jouett","Albemarle",108,36,"Average",1
"2378",1958,1104,"Central Air",3,1,0,1,123700,"Scottsville","Walton","Monticello",114,61,"Average",1
"2379",1990,1847,"Central Air",4,3,1,0.254,338900,"Woodbrook","Jouett","Albemarle",106.01,29,"Average",1
"2380",1983,1241,"Central Air",3,1,1,0.136,222900,"Greer","Jouett","Albemarle",108,36,"Average",1
"2381",1973,1839,"No Central Air",3,2,0,4.02,240500,"Cale","Walton","Monticello",113.01,46,"Average",1
"2382",1986,2259,"Central Air",3,3,0,1.34,434000,"Cale","Walton","Monticello",113.01,33,"Average",1
"2383",1952,2296,"Central Air",1,2,0,1.614,185500,"Stony Point","Burley","Monticello",105,67,"Average",1
"2384",1997,1101,"Central Air",3,2,0,3.175,270100,"Baker-Butler","Sutherland","Albemarle",103,22,"Average",1
"2385",1986,2208,"Central Air",3,2,0,5.81,299500,"Stone-Robinson","Walton","Monticello",113.01,33,"Average",1
"2386",1980,2756,"Central Air",4,4,0,6.195,706000,"Meriwether Lewis","Henley","Western Albemarle",110,39,"Average",1
"2387",2002,1581,"Central Air",3,2,1,0.074,262500,"Hollymead","Sutherland","Albemarle",103,17,"Average",1
"2388",2007,1322,"Central Air",2,2,1,0.042,250000,"Cale","Walton","Monticello",113.01,12,"Average",0
"2389",2014,2644,"Central Air",4,2,1,1.4,487100,"Murray","Henley","Western Albemarle",110,5,"Average",1
"2390",1977,1415,"Central Air",2,2,1,0,179000,"Agnor-Hurt","Burley","Albemarle",106.02,42,"Average",1
"2391",1989,1060,"Central Air",2,2,0,0.33,296700,"Cale","Walton","Monticello",113.03,30,"Average",1
"2392",2001,1532,"Central Air",3,2,0,0.134,318100,"Cale","Burley","Monticello",112.02,18,"Average",1
"2393",2003,1300,"Central Air",3,2,0,2.001,200500,"Red Hill","Walton","Monticello",113.01,16,"Average",0
"2394",1978,1323,"Central Air",4,3,0,0.9,245500,"Baker-Butler","Sutherland","Albemarle",103,41,"Average",1
"2395",1971,1484,"Central Air",3,2,0,0.35,246700,"Baker-Butler","Sutherland","Albemarle",103,48,"Average",1
"2396",1996,4106,"Central Air",5,3,1,55,1371200,"Brownsville","Henley","Western Albemarle",112.01,23,"Average",1
"2397",2018,1850,"Central Air",3,2,2,0.055,323200,"Stone-Robinson","Burley","Monticello",105,1,"Average",0
"2398",2009,1680,"Central Air",3,3,0,0.097,296400,"Stone-Robinson","Burley","Monticello",105,10,"Average",0
"2399",2011,2608,"Central Air",5,2,1,0.168,448100,"Brownsville","Henley","Western Albemarle",111,8,"Average",1
"2400",1989,1781,"Central Air",4,3,1,0.397,383700,"Cale","Walton","Monticello",113.03,30,"Average",0
"2401",2002,2938,"Central Air",5,4,1,5.487,451300,"Brownsville","Henley","Western Albemarle",112.01,17,"Average",1
"2402",1910,1672,"Central Air",2,1,0,46.93,233800,"Stony Point","Sutherland","Albemarle",104.01,109,"Average",0
"2403",2006,5414,"Central Air",4,4,1,21.007,2227800,"Red Hill","Walton","Monticello",113.01,13,"Average",1
"2404",1930,1280,"No Central Air",2,1,0,5,202400,"Brownsville","Henley","Western Albemarle",112.01,89,"Average",0
"2405",2018,1716,"Central Air",3,3,1,0.038,328600,"Cale","Walton","Monticello",113.03,1,"Average",0
"2406",2001,2016,"Central Air",3,2,1,1,180600,"Red Hill","Walton","Monticello",112.02,18,"Average",1
"2407",1990,1012,"No Central Air",3,1,1,2.213,157200,"Red Hill","Walton","Monticello",113.01,29,"Average",0
"2408",1966,1460,"No Central Air",3,1,1,1.922,247700,"Red Hill","Walton","Monticello",112.02,53,"Average",1
"2409",2007,1530,"No Central Air",3,2,0,5.18,359700,"Stony Point","Burley","Monticello",104.01,12,"Average",0
"2410",1993,1322,"Central Air",3,2,1,0.08,174000,"Baker-Butler","Sutherland","Albemarle",102.01,26,"Average",0
"2411",2003,4288,"Central Air",4,6,1,21,1201100,"Stone-Robinson","Burley","Monticello",104.02,16,"Average",1
"2412",2008,2295,"Central Air",2,3,0,21.719,730900,"Red Hill","Walton","Monticello",114,11,"Average",1
"2413",2003,2698,"Central Air",4,2,1,0.359,400100,"Stony Point","Burley","Monticello",105,16,"Average",1
"2414",1991,1906,"Central Air",2,1,1,2.62,188200,"Broadus Wood","Jouett","Albemarle",101,28,"Average",1
"2415",1992,1238,"Central Air",2,2,0,0.145,216000,"Cale","Walton","Monticello",113.01,27,"Average",0
"2416",2012,2277,"Central Air",4,3,0,0.534,615900,"Brownsville","Henley","Western Albemarle",111,7,"Average",1
"2417",1983,3571,"No Central Air",3,2,0,3.97,446400,"Broadus Wood","Jouett","Albemarle",102.01,36,"Average",1
"2418",2003,1778,"Central Air",3,2,1,0.129,356900,"Hollymead","Sutherland","Albemarle",103,16,"Average",1
"2419",2012,2374,"Central Air",4,3,1,0.072,398900,"Brownsville","Henley","Western Albemarle",111,7,"Average",1
"2420",1960,2316,"Central Air",3,2,1,1.04,429400,"Murray","Henley","Western Albemarle",110,59,"Average",1
"2421",1940,1201,"No Central Air",2,1,0,3.286,123200,"Scottsville","Walton","Monticello",114,79,"Average",0
"2422",1934,3096,"Central Air",4,2,2,22.02,943300,"Stone-Robinson","Burley","Monticello",104.01,85,"Average",1
"2423",1998,2693,"Central Air",4,3,1,0.443,471900,"Agnor-Hurt","Burley","Albemarle",106.02,21,"Average",1
"2424",1981,1732,"Central Air",3,2,1,5.75,397000,"Brownsville","Henley","Western Albemarle",112.01,38,"Average",0
"2425",1975,960,"No Central Air",3,1,0,1.988,138200,"Red Hill","Walton","Monticello",114,44,"Average",0
"2426",1993,2023,"Central Air",4,2,1,0.28,365800,"Murray","Henley","Western Albemarle",110,26,"Average",1
"2427",2015,3364,"Central Air",5,4,1,0.469,596900,"Stony Point","Burley","Monticello",105,4,"Average",1
"2428",1995,2200,"Central Air",3,2,1,20.02,399800,"Crozet","Henley","Western Albemarle",101,24,"Average",1
"2429",1754,2124,"Central Air",3,2,0,7.654,328700,"Stone-Robinson","Burley","Monticello",104.01,265,"Average",0
"2430",2003,1508,"Central Air",3,3,1,0.068,223700,"Baker-Butler","Sutherland","Albemarle",102.01,16,"Average",0
"2431",1981,2100,"No Central Air",3,1,1,2.16,239000,"Stone-Robinson","Walton","Monticello",113.01,38,"Average",0
"2432",2002,1358,"Central Air",3,2,1,0.262,261800,"Cale","Burley","Monticello",113.03,17,"Average",1
"2433",2017,3929,"Central Air",5,5,1,0.459,799700,"Brownsville","Henley","Western Albemarle",111,2,"Average",1
"2434",1754,1695,"Central Air",3,2,0,2.78,257900,"Cale","Walton","Monticello",112.02,265,"Average",0
"2435",1920,2604,"Central Air",3,2,0,3.84,367200,"Brownsville","Henley","Western Albemarle",112.01,99,"Average",1
"2436",1974,960,"Central Air",3,1,0,2,127100,"Red Hill","Walton","Monticello",114,45,"Average",0
"2437",1962,1189,"No Central Air",2,1,0,1.8,180000,"Cale","Walton","Monticello",113.01,57,"Average",0
"2438",2004,2849,"Central Air",7,3,2,0.334,562000,"Hollymead","Sutherland","Albemarle",103,15,"Average",1
"2439",2002,3073,"Central Air",3,3,1,4.05,542900,"Red Hill","Walton","Monticello",112.02,17,"Average",1
"2440",1960,1305,"Central Air",3,1,0,0,173000,"Crozet","Henley","Western Albemarle",111,59,"Average",0
"2441",1980,972,"Central Air",3,1,0,2.08,145500,"Scottsville","Walton","Monticello",113.01,39,"Average",0
"2442",2001,5248,"Central Air",4,4,2,21.853,1806900,"Red Hill","Walton","Monticello",112.02,18,"Average",1
"2443",2017,4276,"Central Air",5,4,1,0.466,880200,"Stony Point","Burley","Monticello",105,2,"Average",1
"2444",2018,1600,"Central Air",3,2,2,0.053,331600,"Cale","Walton","Monticello",113.03,1,"Average",0
"2445",1975,1276,"Central Air",3,2,1,0.764,300700,"Broadus Wood","Jouett","Albemarle",101,44,"Average",1
"2446",2003,2296,"Central Air",4,2,1,0.179,323600,"Baker-Butler","Sutherland","Albemarle",103,16,"Average",1
"2447",1979,1043,"No Central Air",3,1,1,4.95,207500,"Crozet","Henley","Western Albemarle",101,40,"Average",0
"2448",2003,2690,"Central Air",5,3,1,0.286,467200,"Agnor-Hurt","Burley","Albemarle",106.02,16,"Average",1
"2449",1997,2378,"Central Air",4,2,2,0.25,421700,"Cale","Walton","Monticello",113.03,22,"Average",1
"2450",2019,1691,"Central Air",3,2,1,0.04,303500,"Baker-Butler","Sutherland","Albemarle",102.01,0,"Average",0
"2451",2013,2130,"Central Air",4,3,0,0.333,630200,"Stone-Robinson","Burley","Monticello",104.02,6,"Average",1
"2452",1985,1408,"Central Air",3,2,1,0,193100,"Woodbrook","Jouett","Albemarle",107,34,"Average",1
"2453",1986,2152,"Central Air",4,3,1,2.1,485100,"Meriwether Lewis","Henley","Western Albemarle",110,33,"Average",1
"2454",1920,1060,"No Central Air",2,1,0,6,186000,"Red Hill","Walton","Monticello",113.01,99,"Average",1
"2455",1997,2175,"Central Air",4,3,1,2.5,426800,"Meriwether Lewis","Henley","Western Albemarle",101,22,"Average",1
"2456",1998,6166,"Central Air",4,4,2,21.006,1830600,"Meriwether Lewis","Henley","Western Albemarle",101,21,"Average",1
"2457",2017,1931,"Central Air",3,3,1,0.035,433000,"Brownsville","Henley","Western Albemarle",111,2,"Average",0
"2458",2002,2456,"Central Air",3,2,1,0.22,460900,"Agnor-Hurt","Burley","Albemarle",106.02,17,"Average",1
"2459",2013,1592,"Central Air",3,3,1,0.034,356800,"Brownsville","Henley","Western Albemarle",111,6,"Average",1
"2460",1996,1236,"Central Air",2,3,0,0.091,266100,"Agnor-Hurt","Burley","Albemarle",106.02,23,"Average",1
"2461",1986,1320,"Central Air",3,1,2,0,180300,"Agnor-Hurt","Jouett","Albemarle",107,33,"Average",1
"2462",1965,2792,"Central Air",4,3,0,0,455900,"Greer","Jouett","Albemarle",108,54,"Average",1
"2463",1979,2203,"Central Air",4,3,1,3.564,424800,"Meriwether Lewis","Henley","Western Albemarle",110,40,"Average",1
"2464",2004,2644,"Central Air",5,3,1,0.505,560600,"Agnor-Hurt","Burley","Albemarle",106.02,15,"Average",1
"2465",1754,1480,"No Central Air",3,1,0,0,153600,"Brownsville","Henley","Western Albemarle",111,265,"Average",1
"2466",1972,1260,"Central Air",3,1,1,1,183000,"Broadus Wood","Jouett","Albemarle",102.02,47,"Average",1
"2467",1999,2301,"Central Air",4,2,1,0.309,373700,"Cale","Walton","Monticello",113.03,20,"Average",1
"2468",1999,2776,"Central Air",3,3,0,4.488,412200,"Meriwether Lewis","Henley","Western Albemarle",101,20,"Average",1
"2469",2008,1742,"Central Air",4,3,0,0.041,275900,"Stone-Robinson","Burley","Monticello",105,11,"Average",0
"2470",1971,920,"No Central Air",3,1,0,3.643,157800,"Brownsville","Henley","Western Albemarle",112.01,48,"Average",0
"2471",1980,1200,"Central Air",3,1,1,0.093,173600,"Cale","Burley","Monticello",113.03,39,"Average",0
"2472",1970,1266,"Central Air",3,1,1,0,215300,"Crozet","Henley","Western Albemarle",111,49,"Average",1
"2473",2007,2918,"Central Air",4,4,1,2.026,557800,"Broadus Wood","Jouett","Albemarle",102.01,12,"Average",1
"2474",1990,1800,"Central Air",3,2,1,3.03,317600,"Broadus Wood","Jouett","Albemarle",102.01,29,"Average",1
"2475",1971,6060,"No Central Air",4,4,1,11.05,638400,"Brownsville","Henley","Western Albemarle",101,48,"Average",1
"2476",2007,1420,"Central Air",4,3,0,0.05,268900,"Baker-Butler","Sutherland","Albemarle",103,12,"Average",0
"2477",1976,1776,"Central Air",4,3,0,2,289900,"Stony Point","Burley","Monticello",105,43,"Average",1
"2478",1993,1232,"Central Air",3,2,0,2.387,203000,"Meriwether Lewis","Henley","Western Albemarle",101,26,"Average",0
"2479",1974,1740,"Central Air",4,3,1,1.531,559100,"Greer","Jouett","Albemarle",108,45,"Average",1
"2480",1972,1203,"Central Air",4,2,1,0.548,195000,"Crozet","Henley","Western Albemarle",111,47,"Average",0
"2481",1890,1720,"No Central Air",3,1,1,1.346,132500,"Red Hill","Walton","Monticello",114,129,"Average",0
"2482",2009,1636,"Central Air",3,3,1,0.072,317900,"Stone-Robinson","Burley","Monticello",105,10,"Average",0
"2483",2012,1925,"Central Air",3,2,1,0.075,412800,"Agnor-Hurt","Burley","Albemarle",106.02,7,"Average",1
"2484",1948,936,"No Central Air",2,1,0,0.723,117800,"Red Hill","Walton","Monticello",114,71,"Average",1
"2485",1984,4751,"Central Air",7,5,1,102.5,2847500,"Meriwether Lewis","Henley","Western Albemarle",101,35,"Average",1
"2486",2014,2250,"Central Air",3,2,1,0.098,500200,"Brownsville","Henley","Western Albemarle",111,5,"Average",1
"2487",1961,1762,"Central Air",4,2,0,2.416,234700,"Stone-Robinson","Walton","Monticello",113.01,58,"Average",1
"2488",1979,1960,"Central Air",3,2,1,2.153,404000,"Murray","Henley","Western Albemarle",110,40,"Average",1
"2489",1976,1680,"No Central Air",3,2,0,0.987,207200,"Stone-Robinson","Burley","Monticello",104.02,43,"Average",0
"2490",1998,2549,"Central Air",4,3,1,0.208,480400,"Hollymead","Sutherland","Albemarle",103,21,"Good",1
"2491",1979,1296,"Central Air",4,2,1,5.762,263100,"Stone-Robinson","Walton","Monticello",113.01,40,"Good",1
"2492",1997,2682,"Central Air",3,3,0,7.35,456300,"Stony Point","Sutherland","Albemarle",104.01,22,"Good",0
"2493",1980,1836,"Central Air",2,3,0,28.717,765600,"Brownsville","Henley","Western Albemarle",112.01,39,"Good",1
"2494",1983,2578,"Central Air",4,3,1,6.093,638600,"Murray","Henley","Western Albemarle",110,36,"Good",1
"2495",1997,4016,"Central Air",4,4,1,0.52,782200,"Stone-Robinson","Burley","Monticello",104.02,22,"Good",1
"2496",1965,2464,"Central Air",5,3,0,0.382,400300,"Greer","Jouett","Albemarle",108,54,"Good",1
"2497",1961,2691,"Central Air",4,3,1,1.06,912100,"Murray","Henley","Western Albemarle",110,58,"Good",1
"2498",1992,1960,"Central Air",4,3,1,32,734200,"Red Hill","Walton","Monticello",112.02,27,"Good",1
"2499",1991,1060,"Central Air",2,2,0,0,323700,"Murray","Henley","Western Albemarle",110,28,"Good",1
"2500",1982,1248,"Central Air",3,1,1,0.1,176500,"Baker-Butler","Sutherland","Albemarle",102.01,37,"Good",1
"2501",1950,1188,"No Central Air",2,2,0,1.171,248200,"Greer","Jouett","Albemarle",108,69,"Good",0
"2502",1964,1045,"No Central Air",2,1,0,0.57,279300,"Cale","Burley","Monticello",113.02,55,"Good",1
"2503",1978,1680,"Central Air",3,2,0,1.378,362400,"Broadus Wood","Jouett","Albemarle",102.02,41,"Good",1
"2504",1994,896,"Central Air",2,1,0,4,169300,"Red Hill","Walton","Monticello",112.01,25,"Good",0
"2505",1977,1306,"Central Air",4,3,0,2.23,274100,"Broadus Wood","Jouett","Albemarle",102.01,42,"Good",1
"2506",1937,1659,"Central Air",3,1,1,0.564,247000,"Brownsville","Henley","Western Albemarle",112.01,82,"Good",1
"2507",1999,3961,"Central Air",5,4,1,0.817,787500,"Stone-Robinson","Burley","Monticello",104.02,20,"Good",1
"2508",1998,2164,"Central Air",4,2,1,0.146,347700,"Baker-Butler","Sutherland","Albemarle",103,21,"Good",1
"2509",1754,690,"Central Air",2,1,1,2.2,175100,"Baker-Butler","Sutherland","Albemarle",102.01,265,"Good",0
"2510",1989,2119,"Central Air",2,2,0,6.789,459800,"Broadus Wood","Jouett","Albemarle",102.02,30,"Good",1
"2511",1980,1472,"Central Air",4,3,0,0.187,280700,"Woodbrook","Jouett","Albemarle",107,39,"Good",1
"2512",1977,1512,"Central Air",3,2,0,2.004,274200,"Broadus Wood","Jouett","Albemarle",101,42,"Good",1
"2513",1989,2122,"Central Air",3,2,1,1.556,404600,"Meriwether Lewis","Henley","Western Albemarle",110,30,"Good",1
"2514",1989,1630,"Central Air",4,2,1,0.242,321100,"Baker-Butler","Sutherland","Albemarle",103,30,"Good",1
"2515",1986,2818,"Central Air",4,3,1,1.317,570500,"Stone-Robinson","Burley","Monticello",105,33,"Good",1
"2516",1972,1542,"Central Air",5,3,0,0.402,282900,"Crozet","Henley","Western Albemarle",111,47,"Good",1
"2517",1989,1116,"Central Air",3,2,0,3.13,225500,"Baker-Butler","Sutherland","Albemarle",102.01,30,"Good",0
"2518",1880,2555,"Central Air",4,2,1,1.054,398900,"Murray","Henley","Western Albemarle",110,139,"Good",1
"2519",1998,3033,"Central Air",4,4,1,0.605,569800,"Stone-Robinson","Burley","Monticello",104.02,21,"Good",1
"2520",1990,2392,"Central Air",4,2,1,3.508,422400,"Broadus Wood","Jouett","Albemarle",102.02,29,"Good",1
"2521",1920,1644,"Central Air",2,2,0,2.069,193000,"Red Hill","Walton","Monticello",114,99,"Good",0
"2522",1991,1212,"Central Air",3,2,0,0.281,293500,"Cale","Walton","Monticello",113.01,28,"Good",0
"2523",1980,3016,"Central Air",4,2,2,2,591500,"Meriwether Lewis","Henley","Western Albemarle",110,39,"Good",1
"2524",1978,975,"Central Air",3,1,1,2.07,221500,"Broadus Wood","Jouett","Albemarle",101,41,"Good",1
"2525",1991,2134,"Central Air",3,2,1,0.278,307200,"Hollymead","Sutherland","Albemarle",103,28,"Good",1
"2526",1982,2688,"Central Air",4,2,1,2.331,578600,"Meriwether Lewis","Henley","Western Albemarle",102.02,37,"Good",1
"2527",1994,2631,"Central Air",3,2,1,0.189,421900,"Stone-Robinson","Burley","Monticello",104.02,25,"Good",1
"2528",1914,3643,"No Central Air",6,3,1,5.236,525800,"Scottsville","Walton","Monticello",114,105,"Good",1
"2529",1971,2298,"Central Air",6,3,0,3.01,680200,"Meriwether Lewis","Henley","Western Albemarle",110,48,"Good",1
"2530",1983,1291,"Central Air",2,2,1,0,211500,"Greer","Jouett","Albemarle",108,36,"Good",1
"2531",1979,1122,"Central Air",2,1,1,7.05,161000,"Red Hill","Walton","Monticello",114,40,"Good",0
"2532",1999,2751,"Central Air",3,3,0,2,481300,"Baker-Butler","Sutherland","Albemarle",104.01,20,"Good",1
"2533",1961,2444,"Central Air",3,3,1,3.439,727100,"Broadus Wood","Jouett","Albemarle",102.02,58,"Good",1
"2534",1983,960,"Central Air",2,1,1,0,200500,"Agnor-Hurt","Burley","Albemarle",106.02,36,"Good",1
"2535",1995,1784,"Central Air",3,2,0,8,271400,"Red Hill","Walton","Monticello",114,24,"Good",1
"2536",1992,1836,"Central Air",4,2,1,0.217,333900,"Baker-Butler","Sutherland","Albemarle",103,27,"Good",1
"2537",1996,1688,"Central Air",4,3,0,2.44,369900,"Meriwether Lewis","Henley","Western Albemarle",110,23,"Good",1
"2538",1981,2127,"Central Air",3,2,1,2.277,364600,"Brownsville","Henley","Western Albemarle",112.01,38,"Good",1
"2539",1998,2952,"Central Air",4,2,1,4,559700,"Brownsville","Henley","Western Albemarle",111,21,"Good",1
"2540",1988,2779,"Central Air",4,2,1,0,416400,"Broadus Wood","Jouett","Albemarle",102.02,31,"Good",1
"2541",2002,3262,"Central Air",4,3,1,0.25,577800,"Agnor-Hurt","Burley","Albemarle",106.02,17,"Good",1
"2542",1988,1604,"Central Air",3,2,0,0.416,327900,"Cale","Walton","Monticello",113.03,31,"Good",0
"2543",1983,2222,"Central Air",4,4,0,0.92,601700,"Meriwether Lewis","Henley","Western Albemarle",110,36,"Good",1
"2544",1966,2858,"Central Air",4,3,1,1.61,760100,"Murray","Henley","Western Albemarle",110,53,"Good",1
"2545",1970,3201,"Central Air",4,3,1,2.472,557300,"Meriwether Lewis","Henley","Western Albemarle",110,49,"Good",0
"2546",1960,1911,"Central Air",4,3,0,4.538,519500,"Greer","Jouett","Albemarle",108,59,"Good",1
"2547",1952,1122,"Central Air",1,1,0,3.532,106600,"Meriwether Lewis","Henley","Western Albemarle",101,67,"Good",0
"2548",1972,836,"Central Air",3,1,0,2.05,168900,"Stony Point","Sutherland","Albemarle",104.01,47,"Good",0
"2549",1987,1542,"Central Air",3,2,1,0.1938,293300,"Cale","Burley","Monticello",113.03,32,"Good",1
"2550",1974,2356,"Central Air",4,3,1,5,430200,"Baker-Butler","Sutherland","Albemarle",102.01,45,"Good",1
"2551",1983,2034,"Central Air",4,2,1,0.918,497700,"Meriwether Lewis","Henley","Western Albemarle",110,36,"Good",1
"2552",1973,1752,"Central Air",3,2,1,2,307500,"Broadus Wood","Jouett","Albemarle",102.02,46,"Good",1
"2553",1975,1536,"Central Air",3,2,1,0.344,363000,"Greer","Jouett","Albemarle",108,44,"Good",1
"2554",1981,1414,"Central Air",4,3,0,0.568,301600,"Woodbrook","Jouett","Albemarle",106.01,38,"Good",1
"2555",1938,3303,"Central Air",4,3,0,10.41,705600,"Broadus Wood","Jouett","Albemarle",102.02,81,"Good",1
"2556",1997,2698,"Central Air",4,2,1,0.262,484800,"Brownsville","Henley","Western Albemarle",111,22,"Good",1
"2557",1998,5525,"Central Air",7,6,2,0.873,1270500,"Stone-Robinson","Burley","Monticello",104.02,21,"Good",1
"2558",1990,2220,"Central Air",4,2,1,2,293000,"Red Hill","Walton","Monticello",112.02,29,"Good",1
"2559",1995,3505,"Central Air",4,4,1,0.579,730900,"Stone-Robinson","Burley","Monticello",104.02,24,"Good",1
"2560",1922,4259,"Central Air",5,2,2,13.85,1551500,"Brownsville","Henley","Western Albemarle",111,97,"Good",1
"2561",1982,1304,"Central Air",3,1,3,0,246700,"Greer","Jouett","Albemarle",108,37,"Good",1
"2562",2003,2332,"Central Air",4,2,1,0.266,392500,"Stony Point","Burley","Monticello",105,16,"Good",1
"2563",1991,1249,"Central Air",2,2,0,0,209800,"Woodbrook","Jouett","Albemarle",106.01,28,"Good",0
"2564",1913,5006,"Central Air",4,3,0,21.832,1014200,"Red Hill","Walton","Monticello",112.02,106,"Good",0
"2565",1986,3138,"Central Air",4,3,0,2.64,648500,"Meriwether Lewis","Henley","Western Albemarle",102.02,33,"Good",1
"2566",1993,1791,"Central Air",2,2,0,0.65,392500,"Stone-Robinson","Burley","Monticello",104.02,26,"Good",1
"2567",1993,1632,"Central Air",3,2,1,2,304600,"Broadus Wood","Jouett","Albemarle",103,26,"Good",0
"2568",1980,2394,"Central Air",3,3,0,1.383,426500,"Broadus Wood","Jouett","Albemarle",102.02,39,"Good",1
"2569",1997,2296,"Central Air",4,2,1,0.288,431000,"Hollymead","Sutherland","Albemarle",103,22,"Good",1
"2570",1976,1734,"No Central Air",2,1,0,2.09,393700,"Red Hill","Walton","Monticello",112.02,43,"Good",1
"2571",1987,3302,"Central Air",3,2,1,4,528600,"Broadus Wood","Jouett","Albemarle",102.02,32,"Good",1
"2572",1992,2052,"Central Air",5,3,1,0.237,400600,"Baker-Butler","Sutherland","Albemarle",103,27,"Good",1
"2573",1981,1207,"Central Air",3,2,0,0.217,253800,"Woodbrook","Jouett","Albemarle",107,38,"Good",1
"2574",1994,1330,"Central Air",3,3,1,0.087,203200,"Baker-Butler","Sutherland","Albemarle",102.01,25,"Good",1
"2575",1985,2298,"Central Air",4,2,1,0.975,526400,"Meriwether Lewis","Henley","Western Albemarle",110,34,"Good",1
"2576",1984,1290,"Central Air",3,2,1,0,217600,"Greer","Jouett","Albemarle",108,35,"Good",1
"2577",2006,1774,"Central Air",3,2,0,0.181,366800,"Crozet","Henley","Western Albemarle",111,13,"Good",1
"2578",1935,2476,"No Central Air",3,1,1,8.567,727500,"Brownsville","Henley","Western Albemarle",112.01,84,"Good",1
"2579",1985,2080,"Central Air",4,2,1,2.04,315400,"Broadus Wood","Jouett","Albemarle",102.02,34,"Good",1
"2580",1982,1795,"Central Air",3,2,1,0,311600,"Hollymead","Sutherland","Albemarle",103,37,"Good",1
"2581",1996,1808,"Central Air",3,2,1,0.583,447900,"Stone-Robinson","Burley","Monticello",104.02,23,"Good",1
"2582",1950,936,"Central Air",2,1,0,20.11,354800,"Red Hill","Walton","Monticello",112.02,69,"Good",0
"2583",1979,2240,"Central Air",3,2,1,0.96,387800,"Brownsville","Henley","Western Albemarle",111,40,"Good",1
"2584",1994,2086,"Central Air",3,2,0,0.192,416700,"Stone-Robinson","Burley","Monticello",104.02,25,"Good",1
"2585",1990,1923,"Central Air",3,2,0,0.327,374200,"Cale","Walton","Monticello",113.03,29,"Good",1
"2586",1984,2153,"Central Air",4,2,0,3.609,287000,"Baker-Butler","Sutherland","Albemarle",102.01,35,"Good",0
"2587",1988,3688,"Central Air",4,3,1,5.156,766100,"Meriwether Lewis","Henley","Western Albemarle",102.02,31,"Good",1
"2588",1900,2323,"Central Air",3,2,0,0.5,325200,"Crozet","Henley","Western Albemarle",111,119,"Good",1
"2589",1978,1966,"Central Air",4,3,0,3.308,504300,"Meriwether Lewis","Henley","Western Albemarle",110,41,"Good",1
"2590",1991,1440,"Central Air",3,2,0,5.588,235400,"Scottsville","Walton","Monticello",114,28,"Good",1
"2591",1905,1598,"No Central Air",3,1,0,9.494,221600,"Scottsville","Walton","Monticello",114,114,"Good",0
"2592",1993,2923,"Central Air",4,2,1,0.16,442900,"Stone-Robinson","Burley","Monticello",104.02,26,"Good",1
"2593",1991,1790,"Central Air",4,3,0,2,386600,"Murray","Henley","Western Albemarle",110,28,"Good",1
"2594",1988,1868,"No Central Air",3,3,0,2.07,273100,"Brownsville","Henley","Western Albemarle",112.01,31,"Good",0
"2595",1955,2273,"Central Air",5,3,0,1.02,775300,"Murray","Henley","Western Albemarle",110,64,"Good",1
"2596",1982,1304,"Central Air",3,1,2,0,225800,"Greer","Jouett","Albemarle",108,37,"Good",1
"2597",1984,1408,"Central Air",2,2,1,0,201200,"Woodbrook","Jouett","Albemarle",107,35,"Good",0
"2598",1957,1315,"Central Air",3,1,0,3.2,201000,"Red Hill","Walton","Monticello",114,62,"Good",1
"2599",1850,2267,"Central Air",3,2,1,20,380000,"Broadus Wood","Jouett","Albemarle",101,169,"Good",1
"2600",1991,1800,"Central Air",3,2,1,5.77,350200,"Stone-Robinson","Walton","Monticello",113.01,28,"Good",1
"2601",2006,786,"No Central Air",3,2,0,5,172700,"Crozet","Henley","Western Albemarle",101,13,"Good",0
"2602",1905,2555,"Central Air",3,2,1,1.225,371700,"Broadus Wood","Jouett","Albemarle",102.01,114,"Good",0
"2603",1984,1582,"Central Air",2,2,0,0,246300,"Greer","Jouett","Albemarle",107,35,"Good",1
"2604",1995,1598,"Central Air",3,2,0,0.301,336400,"Cale","Walton","Monticello",113.01,24,"Good",0
"2605",1989,2233,"Central Air",3,2,1,0.486,386100,"Broadus Wood","Jouett","Albemarle",101,30,"Good",1
"2606",1996,1932,"Central Air",4,2,1,0.283,396300,"Hollymead","Sutherland","Albemarle",103,23,"Good",1
"2607",1790,7752,"Central Air",4,5,0,194.35,4450100,"Red Hill","Walton","Monticello",112.02,229,"Good",1
"2608",1979,1166,"Central Air",3,2,0,0.967,242000,"Baker-Butler","Sutherland","Albemarle",103,40,"Good",1
"2609",1992,1224,"Central Air",3,2,0,2,238100,"Stone-Robinson","Walton","Monticello",113.01,27,"Good",0
"2610",1977,3513,"Central Air",4,3,1,2.39,523100,"Stone-Robinson","Burley","Monticello",104.02,42,"Good",1
"2611",2002,1941,"Central Air",4,3,1,0.109,322100,"Hollymead","Sutherland","Albemarle",103,17,"Good",1
"2612",1988,1176,"Central Air",3,2,0,0.2296,185000,"Baker-Butler","Sutherland","Albemarle",102.01,31,"Good",0
"2613",1990,1795,"Central Air",4,2,1,0.198,346700,"Baker-Butler","Sutherland","Albemarle",103,29,"Good",1
"2614",1994,2234,"Central Air",3,2,0,0.414,469100,"Stone-Robinson","Burley","Monticello",104.02,25,"Good",1
"2615",1977,2114,"Central Air",4,2,1,0.592,363100,"Woodbrook","Jouett","Albemarle",106.01,42,"Good",1
"2616",1754,816,"Central Air",2,1,0,1.037,173800,"Red Hill","Walton","Monticello",114,265,"Good",1
"2617",1972,1465,"Central Air",4,3,0,0.604,355000,"Greer","Jouett","Albemarle",108,47,"Good",1
"2618",2006,4221,"Central Air",5,4,2,22.789,1131900,"Broadus Wood","Jouett","Albemarle",102.01,13,"Good",1
"2619",1984,3408,"Central Air",5,3,1,0,469200,"Hollymead","Sutherland","Albemarle",103,35,"Good",1
"2620",1920,2680,"Central Air",3,3,0,0.954,498400,"Murray","Henley","Western Albemarle",110,99,"Good",1
"2621",1977,2086,"Central Air",4,2,1,2.113,540200,"Meriwether Lewis","Henley","Western Albemarle",110,42,"Good",1
"2622",1989,1790,"Central Air",3,3,0,10,475400,"Broadus Wood","Jouett","Albemarle",101,30,"Good",1
"2623",1984,1576,"Central Air",3,2,0,0.2296,295000,"Greer","Jouett","Albemarle",107,35,"Good",1
"2624",1950,1644,"Central Air",3,2,0,3,237400,"Stone-Robinson","Walton","Monticello",113.01,69,"Good",1
"2625",1994,2240,"Central Air",4,2,1,0.25,444900,"Hollymead","Sutherland","Albemarle",103,25,"Good",1
"2626",1986,1512,"Central Air",2,3,0,2.182,485700,"Broadus Wood","Jouett","Albemarle",102.02,33,"Good",1
"2627",1981,1809,"Central Air",4,3,0,1.071,505300,"Meriwether Lewis","Henley","Western Albemarle",110,38,"Good",1
"2628",1999,3892,"Central Air",4,5,1,0.705,841300,"Stone-Robinson","Burley","Monticello",104.02,20,"Good",1
"2629",1988,2638,"Central Air",4,4,0,4.013,467100,"Baker-Butler","Sutherland","Albemarle",102.01,31,"Good",1
"2630",1991,2542,"Central Air",3,2,1,0.943,487000,"Stone-Robinson","Burley","Monticello",105,28,"Good",1
"2631",1996,3096,"Central Air",4,2,1,5.816,580000,"Murray","Henley","Western Albemarle",110,23,"Good",1
"2632",1976,1329,"Central Air",4,3,0,0.33,342300,"Woodbrook","Jouett","Albemarle",106.01,43,"Good",1
"2633",1990,2490,"Central Air",5,4,1,0.29,466000,"Baker-Butler","Sutherland","Albemarle",103,29,"Good",1
"2634",1983,1293,"Central Air",2,2,1,0,211700,"Greer","Jouett","Albemarle",108,36,"Good",1
"2635",1754,2160,"Central Air",3,2,0,0.653,234200,"Scottsville","Walton","Monticello",114,265,"Good",0
"2636",1979,1902,"Central Air",3,3,0,3.281,379700,"Red Hill","Walton","Monticello",112.01,40,"Good",0
"2637",1989,2288,"Central Air",4,3,1,0.219,439100,"Baker-Butler","Sutherland","Albemarle",103,30,"Good",1
"2638",1989,1040,"Central Air",3,3,0,0.742,224900,"Crozet","Henley","Western Albemarle",111,30,"Good",0
"2639",1998,2705,"Central Air",5,4,1,0.208,568300,"Stone-Robinson","Burley","Monticello",104.02,21,"Good",1
"2640",1977,2888,"Central Air",4,2,1,2,534300,"Cale","Walton","Monticello",113.01,42,"Good",1
"2641",1990,2123,"Central Air",4,3,1,0.32,386000,"Woodbrook","Jouett","Albemarle",106.01,29,"Good",1
"2642",1989,1293,"Central Air",3,2,0,0,202400,"Agnor-Hurt","Burley","Albemarle",106.02,30,"Good",1
"2643",1995,1777,"Central Air",3,2,0,0.327,411500,"Hollymead","Sutherland","Albemarle",103,24,"Good",1
"2644",1996,1325,"Central Air",3,2,0,0.143,335300,"Baker-Butler","Sutherland","Albemarle",103,23,"Good",1
"2645",1964,2288,"Central Air",5,3,1,2.711,645500,"Meriwether Lewis","Henley","Western Albemarle",110,55,"Good",1
"2646",1981,3005,"Central Air",2,3,0,13.1,649800,"Stone-Robinson","Burley","Monticello",104.01,38,"Good",1
"2647",2002,2930,"Central Air",3,3,1,2.466,621800,"Baker-Butler","Sutherland","Albemarle",104.01,17,"Good",1
"2648",2006,2985,"Central Air",4,3,1,0.543,564700,"Cale","Walton","Monticello",112.02,13,"Good",1
"2649",1980,2350,"Central Air",3,2,1,2.085,628000,"Broadus Wood","Jouett","Albemarle",102.02,39,"Good",0
"2650",1993,2942,"Central Air",4,3,1,0.427,519600,"Stone-Robinson","Burley","Monticello",104.02,26,"Good",1
"2651",1996,1828,"Central Air",3,2,0,2.396,231000,"Scottsville","Walton","Monticello",114,23,"Good",0
"2652",1987,1940,"Central Air",3,2,1,0.299,417600,"Woodbrook","Jouett","Albemarle",106.01,32,"Good",1
"2653",1994,1774,"Central Air",2,2,0,0.141,391400,"Stone-Robinson","Burley","Monticello",104.02,25,"Good",1
"2654",1963,1075,"Central Air",3,2,0,0.53,274400,"Crozet","Henley","Western Albemarle",111,56,"Good",1
"2655",1970,1624,"No Central Air",3,2,0,10.682,200800,"Red Hill","Walton","Monticello",112.01,49,"Good",0
"2656",1975,960,"Central Air",3,2,0,2.008,194400,"Stone-Robinson","Walton","Monticello",113.01,44,"Good",0
"2657",1983,3082,"Central Air",4,4,1,1.617,428500,"Broadus Wood","Jouett","Albemarle",102.01,36,"Good",0
"2658",1939,7264,"Central Air",6,6,1,7.947,7766800,"Murray","Henley","Western Albemarle",110,80,"Good",1
"2659",1992,2958,"Central Air",6,5,0,3.44,761500,"Stony Point","Burley","Monticello",105,27,"Good",1
"2660",1989,1517,"Central Air",4,3,0,1.987,295400,"Baker-Butler","Sutherland","Albemarle",102.01,30,"Good",1
"2661",1987,2550,"Central Air",3,2,0,5.512,491300,"Brownsville","Henley","Western Albemarle",111,32,"Good",1
"2662",1993,1337,"Central Air",3,2,2,0.128,202400,"Baker-Butler","Sutherland","Albemarle",102.01,26,"Good",1
"2663",1990,2191,"Central Air",4,2,1,0.247,391700,"Baker-Butler","Sutherland","Albemarle",103,29,"Good",1
"2664",1978,1956,"Central Air",4,3,1,0.938,314100,"Stone-Robinson","Burley","Monticello",104.02,41,"Good",1
"2665",1890,2240,"Central Air",3,2,0,3.994,363000,"Crozet","Henley","Western Albemarle",111,129,"Good",1
"2666",1900,3116,"Central Air",5,3,0,32.22,542700,"Stony Point","Sutherland","Albemarle",104.01,119,"Good",1
"2667",1997,1144,"Central Air",3,1,1,3.18,188600,"Red Hill","Walton","Monticello",114,22,"Good",0
"2668",1991,1904,"Central Air",4,2,2,0.259,340400,"Cale","Burley","Monticello",113.03,28,"Good",1
"2669",1990,3721,"Central Air",6,4,1,0.686,738500,"Baker-Butler","Sutherland","Albemarle",103,29,"Good",1
"2670",1998,1380,"No Central Air",1,1,0,37.146,649900,"Brownsville","Henley","Western Albemarle",110,21,"Good",0
"2671",1974,1152,"Central Air",4,2,1,1.982,266600,"Broadus Wood","Jouett","Albemarle",102.01,45,"Good",1
"2672",1996,2034,"Central Air",4,2,1,0.274,403100,"Hollymead","Sutherland","Albemarle",103,23,"Good",1
"2673",1981,2648,"Central Air",3,2,1,5.819,490900,"Murray","Henley","Western Albemarle",112.01,38,"Good",0
"2674",1996,1620,"Central Air",3,2,1,0.177,297500,"Baker-Butler","Sutherland","Albemarle",103,23,"Good",1
"2675",1988,2304,"Central Air",4,2,1,0.97,397900,"Baker-Butler","Sutherland","Albemarle",103,31,"Good",1
"2676",1986,1976,"Central Air",4,2,1,0.239,363900,"Woodbrook","Jouett","Albemarle",106.01,33,"Good",1
"2677",1969,1792,"Central Air",5,3,0,1.48,370300,"Meriwether Lewis","Henley","Western Albemarle",110,50,"Good",1
"2678",1900,1616,"No Central Air",2,2,0,4.306,362200,"Red Hill","Walton","Monticello",113.01,119,"Good",1
"2679",1919,2638,"Central Air",3,1,1,105.856,940200,"Stony Point","Sutherland","Albemarle",104.01,100,"Good",1
"2680",1986,1344,"Central Air",3,3,1,0.2479,285900,"Cale","Burley","Monticello",113.03,33,"Good",1
"2681",1991,1277,"Central Air",3,2,0,0.226,300400,"Baker-Butler","Sutherland","Albemarle",103,28,"Good",1
"2682",1975,1445,"Central Air",3,2,1,0,207100,"Agnor-Hurt","Burley","Albemarle",106.02,44,"Good",1
"2683",1972,2133,"Central Air",5,4,0,5.096,811200,"Meriwether Lewis","Henley","Western Albemarle",110,47,"Good",1
"2684",1986,3538,"Central Air",4,3,1,2.09,753000,"Meriwether Lewis","Henley","Western Albemarle",102.02,33,"Good",1
"2685",1980,2174,"Central Air",4,3,1,0,375100,"Hollymead","Sutherland","Albemarle",103,39,"Good",1
"2686",1999,3691,"Central Air",6,4,1,0.593,677300,"Stone-Robinson","Burley","Monticello",104.02,20,"Good",1
"2687",1991,2176,"Central Air",4,3,1,5.747,577200,"Meriwether Lewis","Henley","Western Albemarle",101,28,"Good",1
"2688",1937,2940,"No Central Air",3,2,1,2,533400,"Murray","Henley","Western Albemarle",110,82,"Good",1
"2689",1998,1668,"Central Air",3,2,1,0.1614,302100,"Agnor-Hurt","Burley","Albemarle",106.02,21,"Good",1
"2690",1991,2536,"Central Air",4,3,0,10.839,559500,"Brownsville","Henley","Western Albemarle",111,28,"Good",1
"2691",1981,1227,"Central Air",3,3,0,0,305200,"Hollymead","Sutherland","Albemarle",103,38,"Good",1
"2692",1977,1596,"Central Air",3,2,0,2,360600,"Murray","Henley","Western Albemarle",110,42,"Good",1
"2693",1973,1705,"Central Air",3,2,0,0.592,268100,"Broadus Wood","Jouett","Albemarle",102.01,46,"Good",1
"2694",1924,1880,"No Central Air",2,1,0,9.874,341000,"Red Hill","Walton","Monticello",113.01,95,"Good",1
"2695",1983,1764,"Central Air",2,2,0,5,320300,"Red Hill","Walton","Monticello",113.01,36,"Good",1
"2696",1950,3465,"Central Air",4,4,1,18.57,1206100,"Murray","Henley","Western Albemarle",110,69,"Good",1
"2697",2006,2016,"Central Air",3,3,0,0.334,456000,"Stony Point","Burley","Monticello",105,13,"Good",1
"2698",1988,2892,"Central Air",3,3,0,4.043,384800,"Baker-Butler","Sutherland","Albemarle",102.01,31,"Good",0
"2699",1990,1836,"Central Air",4,2,1,0.25,337700,"Baker-Butler","Sutherland","Albemarle",103,29,"Good",1
"2700",1987,4021,"Central Air",5,4,1,3.599,819700,"Murray","Henley","Western Albemarle",110,32,"Good",1
"2701",1981,1230,"Central Air",3,1,1,0.095,189300,"Greer","Jouett","Albemarle",107,38,"Good",1
"2702",1992,1582,"Central Air",3,2,1,0.215,312600,"Baker-Butler","Sutherland","Albemarle",103,27,"Good",1
"2703",2014,2256,"Central Air",2,3,1,2.945,406800,"Scottsville","Walton","Monticello",114,5,"Good",1
"2704",1980,931,"Central Air",3,2,0,1.06,220900,"Baker-Butler","Sutherland","Albemarle",103,39,"Good",1
"2705",1987,1205,"Central Air",3,2,0,2.074,235100,"Baker-Butler","Sutherland","Albemarle",102.01,32,"Good",1
"2706",1991,3179,"Central Air",5,3,1,15.053,745200,"Brownsville","Henley","Western Albemarle",112.01,28,"Good",1
"2707",1997,2315,"Central Air",4,2,1,0.36,421000,"Hollymead","Sutherland","Albemarle",103,22,"Good",1
"2708",1975,3660,"Central Air",3,4,0,10.093,653500,"Meriwether Lewis","Henley","Western Albemarle",101,44,"Good",1
"2709",1994,4267,"Central Air",6,4,2,0.772,853200,"Stone-Robinson","Burley","Monticello",104.02,25,"Good",1
"2710",1984,2002,"Central Air",3,2,1,2.904,592300,"Murray","Henley","Western Albemarle",108,35,"Good",1
"2711",1959,3549,"Central Air",4,3,1,1.65,610000,"Greer","Jouett","Albemarle",108,60,"Good",1
"2712",1968,1386,"Central Air",3,2,1,0,252200,"Greer","Jouett","Albemarle",108,51,"Good",1
"2713",1984,2718,"Central Air",3,3,1,0,885100,"Murray","Henley","Western Albemarle",110,35,"Good",1
"2714",1999,2299,"Central Air",3,2,0,0.273,418700,"Hollymead","Sutherland","Albemarle",103,20,"Good",1
"2715",1974,1056,"Central Air",3,1,1,0,149700,"Baker-Butler","Sutherland","Albemarle",103,45,"Good",1
"2716",1983,1301,"Central Air",3,2,1,3.1,267300,"Broadus Wood","Jouett","Albemarle",102.01,36,"Good",1
"2717",1960,1628,"Central Air",3,2,0,4.8,514000,"Murray","Henley","Western Albemarle",110,59,"Good",1
"2718",1991,1626,"Central Air",3,2,0,5.004,281100,"Stony Point","Sutherland","Albemarle",104.01,28,"Good",0
"2719",1980,986,"Central Air",2,1,1,0.176,173400,"Greer","Jouett","Albemarle",107,39,"Good",1
"2720",1969,3420,"No Central Air",5,3,1,13.46,1227300,"Meriwether Lewis","Henley","Western Albemarle",102.02,50,"Good",1
"2721",1985,1862,"Central Air",4,3,0,5.96,755900,"Murray","Henley","Western Albemarle",110,34,"Good",1
"2722",1983,1050,"Central Air",3,3,0,0.1935,207300,"Baker-Butler","Sutherland","Albemarle",102.01,36,"Good",1
"2723",1978,2261,"Central Air",3,3,1,4.217,621300,"Broadus Wood","Jouett","Albemarle",102.02,41,"Good",1
"2724",1976,3944,"Central Air",5,3,1,55.48,2588500,"Greer","Jouett","Albemarle",110,43,"Good",1
"2725",1986,1556,"Central Air",3,2,0,13.079,509700,"Brownsville","Henley","Western Albemarle",111,33,"Good",1
"2726",1994,4292,"Central Air",4,3,1,8,822400,"Meriwether Lewis","Henley","Western Albemarle",101,25,"Good",1
"2727",1980,2752,"Central Air",3,3,0,3.322,459200,"Broadus Wood","Jouett","Albemarle",102.02,39,"Good",1
"2728",1973,1082,"Central Air",3,3,0,0.46,260800,"Baker-Butler","Sutherland","Albemarle",103,46,"Good",1
"2729",1983,1421,"Central Air",3,2,1,1.377,338600,"Broadus Wood","Jouett","Albemarle",102.02,36,"Good",1
"2730",1996,2602,"Central Air",4,2,1,4.19,497900,"Brownsville","Henley","Western Albemarle",112.01,23,"Good",1
"2731",1974,1860,"Central Air",3,3,0,2.185,348000,"Broadus Wood","Jouett","Albemarle",101,45,"Good",1
"2732",1971,1428,"Central Air",3,1,1,0,176500,"Agnor-Hurt","Burley","Albemarle",107,48,"Good",0
"2733",1957,2524,"Central Air",4,2,1,1.1,841200,"Murray","Henley","Western Albemarle",110,62,"Good",1
"2734",1992,1264,"Central Air",3,1,1,12.61,241700,"Red Hill","Walton","Monticello",114,27,"Good",0
"2735",1998,2712,"Central Air",4,2,1,1.397,455700,"Broadus Wood","Jouett","Albemarle",102.02,21,"Good",1
"2736",1989,1232,"Central Air",3,2,0,0.2296,191300,"Baker-Butler","Sutherland","Albemarle",102.01,30,"Good",0
"2737",1979,1116,"Central Air",3,2,0,0.417,229100,"Crozet","Henley","Western Albemarle",111,40,"Good",1
"2738",1977,1073,"Central Air",3,1,1,2,244700,"Red Hill","Walton","Monticello",114,42,"Good",0
"2739",1999,2082,"Central Air",3,2,1,4.98,402200,"Red Hill","Walton","Monticello",113.01,20,"Good",1
"2740",1984,2422,"Central Air",3,2,1,3.648,576800,"Broadus Wood","Jouett","Albemarle",102.02,35,"Good",1
"2741",1975,1288,"Central Air",4,2,0,1,259200,"Crozet","Henley","Western Albemarle",111,44,"Good",0
"2742",1991,2138,"Central Air",4,2,1,0.247,394900,"Baker-Butler","Sutherland","Albemarle",103,28,"Good",1
"2743",1930,1393,"Central Air",4,1,0,6,196100,"Brownsville","Henley","Western Albemarle",112.01,89,"Good",0
"2744",1997,1482,"Central Air",3,2,0,4,315900,"Murray","Henley","Western Albemarle",110,22,"Good",1
"2745",1963,1215,"Central Air",2,2,0,3.04,501800,"Hollymead","Sutherland","Albemarle",103,56,"Good",1
"2746",1985,2245,"Central Air",2,2,1,5,455500,"Red Hill","Walton","Monticello",112.01,34,"Good",0
"2747",1992,1624,"Central Air",4,3,1,0.239,385600,"Cale","Burley","Monticello",112.02,27,"Good",1
"2748",1800,1200,"No Central Air",2,1,0,3.884,319500,"Broadus Wood","Jouett","Albemarle",102.02,219,"Good",1
"2749",1994,2121,"Central Air",3,2,1,0.242,313900,"Hollymead","Sutherland","Albemarle",103,25,"Good",1
"2750",1980,1176,"Central Air",3,3,0,0.2626,256900,"Greer","Jouett","Albemarle",107,39,"Good",1
"2751",1996,2516,"Central Air",4,2,1,0.251,445800,"Agnor-Hurt","Burley","Albemarle",106.02,23,"Good",1
"2752",1979,1410,"Central Air",3,2,0,0,325100,"Hollymead","Sutherland","Albemarle",103,40,"Good",1
"2753",1984,2324,"Central Air",4,2,1,0,356900,"Hollymead","Sutherland","Albemarle",103,35,"Good",1
"2754",1906,2614,"Central Air",3,2,1,0.615,572600,"Crozet","Henley","Western Albemarle",111,113,"Good",0
"2755",1998,1444,"Central Air",3,2,1,0.128,292800,"Baker-Butler","Sutherland","Albemarle",103,21,"Good",1
"2756",1994,3107,"Central Air",5,4,1,0.635,694500,"Stone-Robinson","Burley","Monticello",104.02,25,"Good",1
"2757",1997,2123,"Central Air",2,2,0,0.27,415600,"Stone-Robinson","Burley","Monticello",104.02,22,"Good",1
"2758",1978,1440,"Central Air",3,2,1,0.2533,302200,"Woodbrook","Jouett","Albemarle",106.01,41,"Good",1
"2759",1978,2832,"Central Air",4,3,1,2.763,537000,"Murray","Henley","Western Albemarle",110,41,"Good",1
"2760",1870,3090,"Central Air",3,2,1,169.36,754500,"Meriwether Lewis","Henley","Western Albemarle",101,149,"Good",1
"2761",1986,3220,"Central Air",4,3,1,2.08,647400,"Meriwether Lewis","Henley","Western Albemarle",110,33,"Good",1
"2762",1933,2048,"No Central Air",3,2,1,0.251,226100,"Scottsville","Walton","Monticello",114,86,"Good",1
"2763",1993,2086,"Central Air",2,2,0,0.164,418900,"Stone-Robinson","Burley","Monticello",104.02,26,"Good",1
"2764",1990,4106,"Central Air",4,3,1,6.677,799000,"Broadus Wood","Jouett","Albemarle",102.02,29,"Good",1
"2765",1974,1537,"Central Air",4,3,0,0,422400,"Meriwether Lewis","Henley","Western Albemarle",110,45,"Good",1
"2766",1994,4113,"Central Air",3,4,1,4.65,908100,"Stone-Robinson","Burley","Monticello",104.01,25,"Good",1
"2767",1997,2238,"Central Air",3,3,0,0.172,418300,"Stone-Robinson","Burley","Monticello",104.02,22,"Good",1
"2768",1994,5085,"Central Air",6,5,2,5.88,1357400,"Meriwether Lewis","Henley","Western Albemarle",102.02,25,"Good",1
"2769",1995,1144,"Central Air",3,2,0,0.665,252200,"Brownsville","Henley","Western Albemarle",111,24,"Good",0
"2770",1996,1160,"Central Air",3,3,0,3.39,318900,"Brownsville","Henley","Western Albemarle",112.01,23,"Good",0
"2771",1993,2480,"Central Air",4,3,1,1.81,402400,"Stone-Robinson","Burley","Monticello",104.02,26,"Good",1
"2772",1990,1856,"Central Air",3,2,1,4.01,390900,"Stony Point","Burley","Monticello",105,29,"Good",1
"2773",1990,2009,"Central Air",3,2,1,2.62,359200,"Broadus Wood","Jouett","Albemarle",102.01,29,"Good",1
"2774",1996,1735,"Central Air",3,3,0,2.001,458900,"Broadus Wood","Jouett","Albemarle",101,23,"Good",1
"2775",1965,1212,"Central Air",4,1,1,0.64,294100,"Crozet","Henley","Western Albemarle",111,54,"Good",1
"2776",1988,2639,"Central Air",3,3,1,2.25,667200,"Meriwether Lewis","Henley","Western Albemarle",110,31,"Good",1
"2777",1810,5094,"No Central Air",6,5,1,76.917,1249500,"Cale","Walton","Monticello",113.01,209,"Good",1
"2778",1995,1967,"Central Air",3,2,1,0.295,394400,"Hollymead","Sutherland","Albemarle",103,24,"Good",1
"2779",1986,1802,"Central Air",3,2,1,0.159,259000,"Woodbrook","Jouett","Albemarle",107,33,"Good",1
"2780",1964,2325,"Central Air",3,3,1,1.852,430600,"Stony Point","Burley","Monticello",105,55,"Good",1
"2781",1983,1263,"Central Air",2,1,0,0.197,228200,"Woodbrook","Jouett","Albemarle",107,36,"Good",0
"2782",1968,2192,"No Central Air",5,3,0,18.674,580000,"Meriwether Lewis","Henley","Western Albemarle",101,51,"Good",1
"2783",1998,2804,"Central Air",5,3,1,0.311,588600,"Hollymead","Sutherland","Albemarle",103,21,"Good",1
"2784",1969,1407,"Central Air",3,2,2,0,236100,"Greer","Jouett","Albemarle",108,50,"Good",0
"2785",1875,5180,"Central Air",6,6,0,25.91,2016100,"Red Hill","Walton","Monticello",112.02,144,"Good",1
"2786",1974,2428,"Central Air",4,2,1,0.326,365100,"Woodbrook","Jouett","Albemarle",106.01,45,"Good",1
"2787",1980,2890,"Central Air",4,3,1,8.046,736200,"Meriwether Lewis","Henley","Western Albemarle",102.02,39,"Good",1
"2788",1981,1230,"Central Air",3,1,1,0.123,178000,"Baker-Butler","Sutherland","Albemarle",102.01,38,"Good",1
"2789",1931,6183,"Central Air",5,4,2,6.957,2302100,"Woodbrook","Jouett","Albemarle",106.01,88,"Good",1
"2790",1986,1918,"Central Air",3,2,1,3.231,390500,"Brownsville","Henley","Western Albemarle",112.01,33,"Good",1
"2791",1995,2880,"Central Air",4,4,2,0.709,610700,"Stone-Robinson","Burley","Monticello",104.02,24,"Good",1
"2792",1997,3108,"Central Air",5,4,1,0.765,743800,"Stone-Robinson","Burley","Monticello",104.02,22,"Good",1
"2793",1754,918,"Central Air",2,1,0,32.182,595200,"Red Hill","Walton","Monticello",112.01,265,"Good",1
"2794",1975,1632,"Central Air",4,3,1,0,398800,"Hollymead","Sutherland","Albemarle",103,44,"Good",1
"2795",1975,936,"Central Air",2,1,0,2.034,198200,"Broadus Wood","Jouett","Albemarle",102.01,44,"Good",1
"2796",1990,2016,"Central Air",4,3,1,0.78,384300,"Woodbrook","Jouett","Albemarle",106.01,29,"Good",1
"2797",1983,1960,"Central Air",3,3,1,1.675,464200,"Meriwether Lewis","Henley","Western Albemarle",110,36,"Good",1
"2798",1949,1535,"Central Air",3,1,0,2.465,196300,"Stone-Robinson","Burley","Monticello",104.01,70,"Good",1
"2799",1981,1480,"Central Air",3,2,0,0,337100,"Hollymead","Sutherland","Albemarle",103,38,"Good",1
"2800",1998,2725,"Central Air",5,3,1,3.54,578000,"Stone-Robinson","Burley","Monticello",104.02,21,"Good",1
"2801",1964,1920,"Central Air",4,2,0,0.727,316500,"Crozet","Henley","Western Albemarle",111,55,"Good",0
"2802",1977,3463,"Central Air",3,4,1,3,812500,"Meriwether Lewis","Henley","Western Albemarle",110,42,"Good",1
"2803",1995,4423,"Central Air",3,3,1,5.508,1188900,"Murray","Henley","Western Albemarle",112.02,24,"Good",1
"2804",1979,1113,"Central Air",4,3,0,0.2731,284400,"Greer","Jouett","Albemarle",107,40,"Good",1
"2805",1968,1926,"Central Air",3,3,0,2.069,336400,"Broadus Wood","Jouett","Albemarle",102.02,51,"Good",1
"2806",1989,2080,"Central Air",4,2,1,0.251,344000,"Baker-Butler","Sutherland","Albemarle",103,30,"Good",1
"2807",1991,960,"No Central Air",3,2,0,2,203100,"Cale","Walton","Monticello",113.01,28,"Good",1
"2808",1922,6488,"Central Air",3,4,2,1.86,1972200,"Murray","Henley","Western Albemarle",110,97,"Good",1
"2809",1995,3072,"Central Air",4,3,2,0.559,593800,"Stone-Robinson","Burley","Monticello",104.02,24,"Good",1
"2810",1999,2281,"Central Air",4,2,1,0.256,356900,"Baker-Butler","Sutherland","Albemarle",103,20,"Good",1
"2811",1969,1518,"Central Air",2,2,1,0,665200,"Murray","Henley","Western Albemarle",110,50,"Good",1
"2812",1969,1878,"Central Air",2,2,1,0,759600,"Murray","Henley","Western Albemarle",110,50,"Good",1
"2813",1754,1848,"No Central Air",2,3,0,2.25,249900,"Stony Point","Sutherland","Albemarle",104.01,265,"Good",0
"2814",1981,1214,"Central Air",1,2,0,48.78,321700,"Red Hill","Walton","Monticello",112.02,38,"Good",1
"2815",1983,1552,"Central Air",3,2,0,0.2574,287000,"Greer","Jouett","Albemarle",107,36,"Good",1
"2816",1994,3515,"Central Air",4,3,1,0.535,674700,"Stone-Robinson","Burley","Monticello",104.02,25,"Good",1
"2817",1985,2953,"Central Air",4,3,1,13.54,857200,"Broadus Wood","Jouett","Albemarle",102.02,34,"Good",1
"2818",1994,1796,"Central Air",3,3,1,0.26,373700,"Cale","Walton","Monticello",113.01,25,"Good",1
"2819",1986,2606,"Central Air",4,3,1,0.521,459100,"Woodbrook","Jouett","Albemarle",106.01,33,"Good",1
"2820",1989,5364,"Central Air",4,4,1,4.04,3040900,"Murray","Henley","Western Albemarle",110,30,"Good",1
"2821",1999,2952,"Central Air",4,2,1,0.364,464600,"Brownsville","Henley","Western Albemarle",111,20,"Good",1
"2822",1992,1984,"Central Air",4,3,1,4.831,425200,"Scottsville","Walton","Monticello",114,27,"Good",1
"2823",1997,1560,"Central Air",3,2,1,0.137,315400,"Baker-Butler","Sutherland","Albemarle",103,22,"Good",1
"2824",1977,2124,"Central Air",4,4,0,1.809,501000,"Meriwether Lewis","Henley","Western Albemarle",110,42,"Good",1
"2825",1950,6602,"Central Air",4,8,2,2.7,2976200,"Murray","Henley","Western Albemarle",110,69,"Good",1
"2826",1996,2938,"Central Air",3,3,0,270.487,898400,"Red Hill","Walton","Monticello",114,23,"Good",1
"2827",1993,1840,"Central Air",4,2,1,0.254,380900,"Baker-Butler","Sutherland","Albemarle",103,26,"Good",1
"2828",1988,2160,"Central Air",3,3,0,5.714,503300,"Meriwether Lewis","Henley","Western Albemarle",101,31,"Good",1
"2829",1999,2109,"Central Air",4,2,1,0.247,428200,"Hollymead","Sutherland","Albemarle",103,20,"Good",1
"2830",1993,2408,"Central Air",5,2,0,0.288,232200,"Crozet","Henley","Western Albemarle",111,26,"Good",0
"2831",1989,1383,"Central Air",3,2,0,0,210800,"Agnor-Hurt","Burley","Albemarle",106.02,30,"Good",1
"2832",1800,5647,"Central Air",5,4,1,100,1421700,"Scottsville","Walton","Monticello",113.01,219,"Good",1
"2833",1978,910,"Central Air",3,2,0,8,277200,"Stony Point","Burley","Monticello",104.01,41,"Good",0
"2834",1983,1428,"Central Air",2,2,1,0,226500,"Greer","Jouett","Albemarle",107,36,"Good",1
"2835",1999,4203,"Central Air",4,4,0,0.789,703100,"Stone-Robinson","Burley","Monticello",104.02,20,"Good",1
"2836",1997,3004,"Central Air",5,4,1,0.173,507600,"Stone-Robinson","Burley","Monticello",104.02,22,"Good",1
"2837",1998,2425,"Central Air",4,3,0,0.329,471500,"Hollymead","Sutherland","Albemarle",103,21,"Good",1
"2838",1987,2011,"Central Air",3,3,1,5,505400,"Brownsville","Henley","Western Albemarle",111,32,"Good",1
"2839",1987,2104,"Central Air",3,2,1,3.64,533500,"Stony Point","Sutherland","Albemarle",104.01,32,"Good",1
"2840",1962,1040,"Central Air",3,2,0,0.49,238500,"Crozet","Henley","Western Albemarle",111,57,"Good",1
"2841",1984,1111,"Central Air",3,2,1,4.71,259400,"Broadus Wood","Jouett","Albemarle",102.01,35,"Good",1
"2842",1985,1624,"No Central Air",3,2,1,17.245,869800,"Crozet","Henley","Western Albemarle",101,34,"Good",1
"2843",1982,1932,"Central Air",3,2,1,6,280800,"Red Hill","Walton","Monticello",112.02,37,"Good",0
"2844",1958,2138,"Central Air",4,2,2,0,392200,"Greer","Jouett","Albemarle",108,61,"Good",1
"2845",1999,1500,"Central Air",4,3,0,3.041,243200,"Scottsville","Walton","Monticello",114,20,"Good",0
"2846",1989,2068,"Central Air",3,3,0,4.201,425200,"Baker-Butler","Sutherland","Albemarle",102.01,30,"Good",1
"2847",1981,2254,"Central Air",4,3,0,2.228,537600,"Meriwether Lewis","Henley","Western Albemarle",102.02,38,"Good",1
"2848",1997,985,"No Central Air",3,1,0,1,195500,"Murray","Henley","Western Albemarle",110,22,"Good",0
"2849",1987,2238,"Central Air",4,2,1,5,411300,"Baker-Butler","Sutherland","Albemarle",104.01,32,"Good",1
"2850",1992,1951,"Central Air",3,3,0,0,419000,"Broadus Wood","Jouett","Albemarle",102.01,27,"Good",1
"2851",1983,880,"Central Air",2,1,0,0,206600,"Agnor-Hurt","Burley","Albemarle",106.02,36,"Good",1
"2852",1994,3145,"Central Air",5,3,1,0.397,568000,"Stone-Robinson","Burley","Monticello",104.02,25,"Good",1
"2853",1952,4952,"Central Air",3,4,1,4.174,1065500,"Meriwether Lewis","Henley","Western Albemarle",102.02,67,"Good",1
"2854",1997,2080,"Central Air",4,2,1,0.407,364600,"Hollymead","Sutherland","Albemarle",103,22,"Good",1
"2855",1990,2098,"Central Air",4,2,1,0.27,392500,"Baker-Butler","Sutherland","Albemarle",103,29,"Good",1
"2856",1992,1911,"Central Air",4,2,1,0.227,350500,"Baker-Butler","Sutherland","Albemarle",103,27,"Good",1
"2857",1992,2219,"Central Air",4,2,1,0.286,402100,"Baker-Butler","Sutherland","Albemarle",103,27,"Good",1
"2858",1979,2114,"Central Air",3,2,0,2,243600,"Scottsville","Walton","Monticello",114,40,"Good",0
"2859",1983,1329,"Central Air",3,2,0,0,286400,"Hollymead","Sutherland","Albemarle",103,36,"Good",1
"2860",1988,1040,"Central Air",3,3,0,0.542,241900,"Crozet","Henley","Western Albemarle",111,31,"Good",0
"2861",1986,2800,"Central Air",3,3,0,5.01,479700,"Stone-Robinson","Burley","Monticello",104.02,33,"Good",1
"2862",1989,1792,"Central Air",4,2,1,0.355,345900,"Baker-Butler","Sutherland","Albemarle",103,30,"Good",1
"2863",1972,2184,"Central Air",5,3,0,0.98,400100,"Brownsville","Henley","Western Albemarle",112.01,47,"Good",1
"2864",1994,1326,"Central Air",3,2,1,2.49,319700,"Brownsville","Henley","Western Albemarle",112.01,25,"Good",0
"2865",1992,2384,"Central Air",3,2,1,3.594,355300,"Stony Point","Sutherland","Albemarle",104.01,27,"Good",1
"2866",1996,2086,"Central Air",2,2,0,0.176,416900,"Stone-Robinson","Burley","Monticello",104.02,23,"Good",1
"2867",1984,2475,"Central Air",2,2,1,2.107,702300,"Meriwether Lewis","Henley","Western Albemarle",102.02,35,"Good",1
"2868",1983,2714,"Central Air",4,3,1,0,854700,"Murray","Henley","Western Albemarle",110,36,"Good",1
"2869",1982,2556,"Central Air",4,3,0,0,917600,"Murray","Henley","Western Albemarle",110,37,"Good",1
"2870",1993,1582,"Central Air",3,2,0,0.277,389500,"Baker-Butler","Sutherland","Albemarle",103,26,"Good",1
"2871",1978,2111,"Central Air",3,2,1,1.379,388300,"Broadus Wood","Jouett","Albemarle",102.02,41,"Good",1
"2872",1977,2608,"Central Air",4,3,1,0.551,366300,"Stony Point","Burley","Monticello",105,42,"Good",1
"2873",1972,1368,"Central Air",5,3,0,1.068,283100,"Stone-Robinson","Burley","Monticello",104.02,47,"Good",1
"2874",1983,1065,"Central Air",3,2,0,0.098,211000,"Baker-Butler","Sutherland","Albemarle",102.01,36,"Good",1
"2875",1999,2318,"Central Air",4,2,1,0.456,415300,"Hollymead","Sutherland","Albemarle",103,20,"Good",1
"2876",1988,1265,"Central Air",3,2,0,0.367,247800,"Crozet","Henley","Western Albemarle",111,31,"Good",1
"2877",1997,2000,"Central Air",4,2,1,0.193,334500,"Baker-Butler","Sutherland","Albemarle",103,22,"Good",1
"2878",1985,1319,"Central Air",3,2,2,0.134,309300,"Agnor-Hurt","Burley","Albemarle",106.02,34,"Good",1
"2879",1999,3084,"Central Air",3,3,1,16.34,974300,"Meriwether Lewis","Henley","Western Albemarle",101,20,"Good",1
"2880",1990,1760,"Central Air",4,2,1,0.216,323400,"Baker-Butler","Sutherland","Albemarle",103,29,"Good",1
"2881",1978,2121,"Central Air",4,3,0,2.17,320300,"Broadus Wood","Jouett","Albemarle",102.01,41,"Good",1
"2882",1980,1037,"Central Air",4,2,0,1.166,210400,"Stone-Robinson","Walton","Monticello",104.02,39,"Good",0
"2883",1998,2941,"Central Air",4,4,0,20.61,1041500,"Broadus Wood","Jouett","Albemarle",102.02,21,"Good",1
"2884",1973,1300,"Central Air",3,1,1,0,179200,"Cale","Burley","Monticello",113.02,46,"Good",0
"2885",1915,1828,"Central Air",4,2,0,2.08,270300,"Broadus Wood","Jouett","Albemarle",102.01,104,"Good",0
"2886",1920,3854,"Central Air",4,2,1,5.846,536800,"Murray","Henley","Western Albemarle",112.01,99,"Good",1
"2887",1966,1934,"Central Air",4,3,1,0.96,530500,"Greer","Jouett","Albemarle",108,53,"Good",1
"2888",1996,2777,"Central Air",5,3,1,0.304,508300,"Hollymead","Sutherland","Albemarle",103,23,"Good",1
"2889",1997,1974,"Central Air",2,2,0,19.1,615900,"Murray","Henley","Western Albemarle",110,22,"Good",0
"2890",1982,2032,"Central Air",4,3,0,0.4439,337500,"Greer","Jouett","Albemarle",107,37,"Good",1
"2891",1975,1230,"Central Air",2,2,0,0,185800,"Agnor-Hurt","Burley","Albemarle",106.02,44,"Good",1
"2892",1790,2448,"Central Air",4,2,1,0.238,282000,"Scottsville","Walton","Monticello",114,229,"Good",1
"2893",1984,1307,"Central Air",2,2,2,0,233400,"Greer","Jouett","Albemarle",108,35,"Good",1
"2894",1984,2468,"Central Air",3,2,1,2.008,577300,"Greer","Jouett","Albemarle",108,35,"Good",1
"2895",1959,1296,"No Central Air",2,1,0,5.887,300800,"Meriwether Lewis","Henley","Western Albemarle",101,60,"Good",1
"2896",1974,1552,"Central Air",3,2,0,2.34,281300,"Murray","Henley","Western Albemarle",110,45,"Good",0
"2897",1998,2795,"Central Air",4,2,1,0.687,599200,"Stone-Robinson","Burley","Monticello",104.02,21,"Good",1
"2898",1978,1078,"Central Air",4,2,1,2.019,221600,"Broadus Wood","Jouett","Albemarle",101,41,"Good",1
"2899",1990,2772,"Central Air",4,4,0,9.365,855900,"Murray","Henley","Western Albemarle",110,29,"Good",1
"2900",1988,2492,"Central Air",5,4,2,5.231,1050000,"Meriwether Lewis","Henley","Western Albemarle",102.02,31,"Good",1
"2901",1973,1502,"Central Air",3,2,0,0,305100,"Agnor-Hurt","Burley","Albemarle",107,46,"Good",1
"2902",1997,1814,"Central Air",3,2,0,2,262900,"Baker-Butler","Sutherland","Albemarle",102.01,22,"Good",1
"2903",1996,2017,"Central Air",4,2,1,0.292,416600,"Hollymead","Sutherland","Albemarle",103,23,"Good",1
"2904",1820,2156,"Central Air",2,1,1,27.79,923000,"Murray","Henley","Western Albemarle",110,199,"Good",1
"2905",1990,2748,"Central Air",4,2,1,7.71,460400,"Scottsville","Walton","Monticello",114,29,"Good",1
"2906",1997,2215,"Central Air",4,2,1,0.147,347300,"Baker-Butler","Sutherland","Albemarle",103,22,"Good",1
"2907",1987,3947,"Central Air",6,2,1,3.74,812300,"Meriwether Lewis","Henley","Western Albemarle",102.02,32,"Good",1
"2908",1978,5318,"Central Air",5,4,1,5.717,1322600,"Scottsville","Walton","Monticello",113.01,41,"Good",1
"2909",1995,3254,"Central Air",4,4,0,0.547,655300,"Stone-Robinson","Burley","Monticello",104.02,24,"Good",1
"2910",1983,1293,"Central Air",2,2,1,0,209500,"Greer","Jouett","Albemarle",108,36,"Good",1
"2911",1981,3588,"Central Air",4,2,2,1.395,737100,"Murray","Henley","Western Albemarle",110,38,"Good",1
"2912",1998,2056,"Central Air",5,3,1,6.14,660200,"Brownsville","Henley","Western Albemarle",112.01,21,"Good",1
"2913",1960,936,"No Central Air",2,1,0,6.08,266800,"Brownsville","Henley","Western Albemarle",112.01,59,"Good",0
"2914",1997,3803,"Central Air",3,2,1,2.03,800500,"Greer","Jouett","Albemarle",108,22,"Good",1
"2915",1998,2205,"Central Air",4,2,1,0.176,410900,"Hollymead","Sutherland","Albemarle",103,21,"Good",1
"2916",1987,1992,"Central Air",5,3,1,2.976,519500,"Meriwether Lewis","Henley","Western Albemarle",110,32,"Good",1
"2917",1998,2302,"Central Air",4,4,0,0.22,476600,"Stone-Robinson","Burley","Monticello",104.02,21,"Good",1
"2918",1964,3141,"Central Air",4,4,0,5.432,705000,"Broadus Wood","Jouett","Albemarle",102.02,55,"Good",1
"2919",1984,1970,"Central Air",3,4,0,2.19,380200,"Stone-Robinson","Burley","Monticello",104.02,35,"Good",0
"2920",1970,2104,"Central Air",3,3,0,7.688,444600,"Red Hill","Walton","Monticello",114,49,"Good",1
"2921",1991,1212,"Central Air",3,2,0,0.336,302600,"Cale","Walton","Monticello",113.01,28,"Good",1
"2922",1920,1372,"Central Air",2,1,0,2.42,208900,"Red Hill","Walton","Monticello",112.02,99,"Good",1
"2923",1984,2900,"Central Air",4,3,0,8.209,744000,"Meriwether Lewis","Henley","Western Albemarle",102.02,35,"Good",1
"2924",1968,1344,"Central Air",3,2,0,1.175,223200,"Stone-Robinson","Walton","Monticello",104.02,51,"Good",0
"2925",1925,1504,"Central Air",3,2,0,0.61,133800,"Meriwether Lewis","Henley","Western Albemarle",110,94,"Good",0
"2926",1960,1009,"Central Air",3,1,1,1.06,235000,"Broadus Wood","Jouett","Albemarle",102.02,59,"Good",0
"2927",1979,2408,"Central Air",4,2,1,3.01,396400,"Stone-Robinson","Burley","Monticello",104.02,40,"Good",1
"2928",1989,1824,"Central Air",4,2,1,0.299,327000,"Baker-Butler","Sutherland","Albemarle",103,30,"Good",1
"2929",1920,4020,"Central Air",4,3,1,2,787200,"Meriwether Lewis","Henley","Western Albemarle",110,99,"Good",1
"2930",1989,1726,"Central Air",4,2,2,0.265,353300,"Baker-Butler","Sutherland","Albemarle",103,30,"Good",1
"2931",1987,2296,"Central Air",3,3,0,8.348,402700,"Stony Point","Sutherland","Albemarle",104.01,32,"Good",1
"2932",1998,3596,"Central Air",5,3,2,21.05,1256000,"Broadus Wood","Jouett","Albemarle",102.02,21,"Good",1
"2933",1987,3843,"Central Air",5,3,2,3.427,1318800,"Murray","Henley","Western Albemarle",110,32,"Good",1
"2934",1986,2411,"Central Air",3,3,0,21.504,698500,"Meriwether Lewis","Henley","Western Albemarle",101,33,"Good",1
"2935",1987,2812,"Central Air",4,3,1,3.36,664300,"Greer","Jouett","Albemarle",108,32,"Good",1
"2936",1965,1125,"Central Air",3,1,1,0,212100,"Crozet","Henley","Western Albemarle",111,54,"Good",1
"2937",1968,2085,"Central Air",5,3,0,0.4553,467800,"Woodbrook","Jouett","Albemarle",106.01,51,"Good",1
"2938",1995,2004,"Central Air",4,2,1,0.261,404800,"Hollymead","Sutherland","Albemarle",103,24,"Good",1
"2939",1961,4049,"Central Air",5,4,2,2.1,2081600,"Murray","Henley","Western Albemarle",110,58,"Good",1
"2940",1984,2226,"Central Air",3,2,1,6.088,518700,"Brownsville","Henley","Western Albemarle",112.01,35,"Good",1
"2941",1983,1376,"Central Air",3,4,0,1.483,387500,"Broadus Wood","Jouett","Albemarle",102.01,36,"Good",1
"2942",1980,1796,"Central Air",4,3,0,2,332400,"Broadus Wood","Jouett","Albemarle",102.02,39,"Good",1
"2943",1964,2038,"Central Air",4,2,1,0.3577,348700,"Woodbrook","Jouett","Albemarle",106.01,55,"Good",1
"2944",1999,2417,"Central Air",4,3,1,0.332,439700,"Brownsville","Henley","Western Albemarle",111,20,"Good",1
"2945",1998,1573,"Central Air",3,2,0,0.105,286300,"Hollymead","Sutherland","Albemarle",103,21,"Good",1
"2946",1998,2940,"Central Air",4,2,1,0.566,571900,"Stone-Robinson","Burley","Monticello",104.02,21,"Good",1
"2947",1996,1734,"Central Air",2,2,0,0.338,427800,"Hollymead","Sutherland","Albemarle",103,23,"Good",1
"2948",1995,2128,"Central Air",2,2,1,0.282,438700,"Stone-Robinson","Burley","Monticello",104.02,24,"Good",1
"2949",1993,2054,"Central Air",4,2,1,0.22,345100,"Hollymead","Sutherland","Albemarle",103,26,"Good",1
"2950",1986,2416,"Central Air",3,3,0,2.231,236600,"Scottsville","Walton","Monticello",114,33,"Good",1
"2951",1971,984,"Central Air",3,1,0,0,174100,"Brownsville","Henley","Western Albemarle",112.01,48,"Good",0
"2952",1978,2128,"Central Air",4,2,1,2,229700,"Scottsville","Walton","Monticello",114,41,"Good",1
"2953",1970,1887,"Central Air",3,2,2,2.025,294500,"Scottsville","Walton","Monticello",114,49,"Good",1
"2954",1986,1902,"Central Air",3,3,1,2.513,367900,"Stone-Robinson","Burley","Monticello",104.02,33,"Good",1
"2955",2006,1596,"Central Air",4,2,0,0.5,204300,"Scottsville","Walton","Monticello",114,13,"Good",0
"2956",1959,2085,"Central Air",4,2,0,2.146,251300,"Red Hill","Walton","Monticello",112.02,60,"Good",1
"2957",1958,2635,"Central Air",3,2,0,1.08,833100,"Murray","Henley","Western Albemarle",110,61,"Good",1
"2958",1973,1208,"Central Air",3,2,0,0,282500,"Baker-Butler","Sutherland","Albemarle",103,46,"Good",1
"2959",2008,1698,"Central Air",3,3,0,2.276,398200,"Stony Point","Sutherland","Albemarle",104.01,11,"Good",0
"2960",1987,1260,"Central Air",2,3,1,0,250100,"Cale","Walton","Monticello",113.03,32,"Good",1
"2961",1969,1397,"Central Air",3,2,1,0,256200,"Greer","Jouett","Albemarle",108,50,"Good",1
"2962",1994,1158,"Central Air",2,1,0,0.203,304000,"Cale","Walton","Monticello",113.01,25,"Good",0
"2963",1991,1346,"Central Air",3,2,1,2.249,226500,"Red Hill","Walton","Monticello",114,28,"Good",0
"2964",1995,2737,"Central Air",3,3,1,83.018,724600,"Stony Point","Sutherland","Albemarle",104.01,24,"Good",1
"2965",1992,1838,"Central Air",5,3,1,0.216,334100,"Cale","Burley","Monticello",113.03,27,"Good",1
"2966",1984,1875,"Central Air",3,2,1,0.158,264300,"Woodbrook","Jouett","Albemarle",107,35,"Good",1
"2967",1979,1860,"Central Air",2,2,0,4.662,406300,"Stony Point","Sutherland","Albemarle",104.01,40,"Good",1
"2968",1965,1815,"Central Air",4,3,0,0,343800,"Greer","Jouett","Albemarle",108,54,"Good",1
"2969",1981,2490,"Central Air",4,3,0,5,636000,"Meriwether Lewis","Henley","Western Albemarle",102.02,38,"Good",1
"2970",1986,1008,"No Central Air",2,1,0,5.004,215600,"Scottsville","Walton","Monticello",113.01,33,"Good",1
"2971",1978,2853,"Central Air",5,3,1,2.047,614900,"Murray","Henley","Western Albemarle",110,41,"Good",1
"2972",1993,2746,"Central Air",4,3,1,0.422,559400,"Stone-Robinson","Burley","Monticello",104.02,26,"Good",1
"2973",1992,2420,"Central Air",3,2,0,0.437,489800,"Baker-Butler","Sutherland","Albemarle",103,27,"Good",1
"2974",1986,1804,"Central Air",3,2,0,0.294,377100,"Woodbrook","Jouett","Albemarle",106.01,33,"Good",1
"2975",1998,2416,"Central Air",3,2,2,5.88,490200,"Broadus Wood","Jouett","Albemarle",101,21,"Good",1
"2976",1993,2526,"Central Air",4,3,1,0.879,606700,"Stone-Robinson","Burley","Monticello",104.02,26,"Good",1
"2977",1962,1400,"Central Air",3,1,1,0,234200,"Crozet","Henley","Western Albemarle",111,57,"Good",0
"2978",1990,1794,"Central Air",2,2,0,1.742,273300,"Brownsville","Henley","Western Albemarle",112.01,29,"Good",0
"2979",1821,2982,"Central Air",4,4,1,55.39,1367400,"Red Hill","Walton","Monticello",113.01,198,"Good",1
"2980",1996,1308,"Central Air",4,3,0,2,241000,"Stone-Robinson","Burley","Monticello",104.01,23,"Good",1
"2981",1967,2616,"Central Air",4,3,0,4.062,603900,"Brownsville","Henley","Western Albemarle",111,52,"Good",1
"2982",1991,1354,"Central Air",3,2,0,0.321,352400,"Cale","Walton","Monticello",113.01,28,"Good",1
"2983",1998,2003,"Central Air",4,3,1,0.358,411100,"Hollymead","Sutherland","Albemarle",103,21,"Good",0
"2984",1979,1454,"Central Air",3,2,2,0,319700,"Hollymead","Sutherland","Albemarle",103,40,"Good",1
"2985",1982,1869,"Central Air",3,3,0,0.241,312900,"Greer","Jouett","Albemarle",107,37,"Good",1
"2986",1822,2288,"Central Air",3,3,0,1.322,403900,"Brownsville","Henley","Western Albemarle",112.01,197,"Good",1
"2987",1983,1261,"Central Air",3,2,0,0.326,249900,"Woodbrook","Jouett","Albemarle",107,36,"Good",1
"2988",1953,3792,"Central Air",5,3,1,0.411,527300,"Brownsville","Henley","Western Albemarle",111,66,"Good",1
"2989",1997,2802,"Central Air",4,2,1,0.479,480600,"Stone-Robinson","Burley","Monticello",104.02,22,"Good",1
"2990",1982,2356,"Central Air",4,2,0,2.173,475100,"Greer","Jouett","Albemarle",108,37,"Good",1
"2991",1992,1813,"Central Air",3,2,0,0.249,355500,"Baker-Butler","Sutherland","Albemarle",103,27,"Good",1
"2992",1825,2662,"No Central Air",4,1,0,243.5,1096300,"Scottsville","Walton","Monticello",114,194,"Good",1
"2993",1981,1728,"Central Air",3,2,1,2.123,262200,"Baker-Butler","Sutherland","Albemarle",102.01,38,"Good",0
"2994",1920,1624,"Central Air",3,2,0,26.688,833400,"Meriwether Lewis","Henley","Western Albemarle",101,99,"Good",1
"2995",1994,1560,"Central Air",3,1,0,4.321,283300,"Red Hill","Walton","Monticello",112.02,25,"Good",1
"2996",1991,5024,"Central Air",5,5,1,21,1643800,"Red Hill","Walton","Monticello",112.02,28,"Good",1
"2997",2001,3229,"Central Air",4,2,2,2.51,635800,"Murray","Henley","Western Albemarle",112.01,18,"Excellent",1
"2998",1754,1344,"Central Air",3,2,0,1.178,235700,"Stone-Robinson","Walton","Monticello",113.01,265,"Excellent",0
"2999",1980,4194,"Central Air",4,3,2,5.249,958500,"Murray","Henley","Western Albemarle",110,39,"Excellent",1
"3000",1880,5034,"Central Air",4,3,3,9.907,1666400,"Meriwether Lewis","Henley","Western Albemarle",101,139,"Excellent",1
"3001",1972,1344,"Central Air",3,1,1,1,266600,"Broadus Wood","Jouett","Albemarle",102.02,47,"Excellent",1
"3002",1743,2847,"Central Air",3,2,0,3.71,808800,"Brownsville","Henley","Western Albemarle",112.01,276,"Excellent",1
"3003",1960,1112,"Central Air",3,1,1,1.14,220200,"Baker-Butler","Sutherland","Albemarle",103,59,"Excellent",1
"3004",1976,4151,"Central Air",4,4,1,2.238,2069800,"Murray","Henley","Western Albemarle",110,43,"Excellent",1
"3005",1979,2249,"Central Air",4,3,0,1.744,830200,"Murray","Henley","Western Albemarle",110,40,"Excellent",1
"3006",2008,1660,"Central Air",4,3,0,0.05,307600,"Baker-Butler","Sutherland","Albemarle",103,11,"Excellent",0
"3007",1979,1183,"Central Air",4,2,0,1.986,309900,"Brownsville","Henley","Western Albemarle",112.01,40,"Excellent",0
"3008",1972,960,"Central Air",3,1,0,2.05,203400,"Brownsville","Henley","Western Albemarle",112.01,47,"Excellent",0
"3009",1993,992,"Central Air",2,1,0,0,184700,"Woodbrook","Jouett","Albemarle",106.01,26,"Excellent",0
"3010",1981,2340,"Central Air",3,2,2,2.17,442300,"Stone-Robinson","Walton","Monticello",113.01,38,"Excellent",1
"3011",1940,2242,"Central Air",4,3,0,103.868,1369700,"Cale","Walton","Monticello",113.01,79,"Excellent",1
"3012",1955,4133,"Central Air",4,3,1,3.6,2589400,"Murray","Henley","Western Albemarle",110,64,"Excellent",1
"3013",2004,5939,"Central Air",5,3,2,28.77,2766700,"Murray","Henley","Western Albemarle",110,15,"Excellent",1
"3014",1985,2204,"Central Air",3,2,0,12.5,719300,"Red Hill","Walton","Monticello",113.01,34,"Excellent",1
"3015",1976,1008,"Central Air",3,1,1,0.919,230700,"Stone-Robinson","Burley","Monticello",104.02,43,"Excellent",0
"3016",1947,3132,"No Central Air",4,3,1,24,1410100,"Red Hill","Walton","Monticello",113.01,72,"Excellent",1
"3017",1998,5276,"Central Air",6,6,1,2.229,1344400,"Stone-Robinson","Burley","Monticello",104.02,21,"Excellent",1
"3018",1987,2346,"Central Air",3,3,0,2.078,443000,"Red Hill","Walton","Monticello",112.01,32,"Excellent",1
"3019",1953,4989,"Central Air",5,6,1,4.1,3508200,"Murray","Henley","Western Albemarle",110,66,"Excellent",1
"3020",1967,2256,"Central Air",5,3,1,3.92,632200,"Meriwether Lewis","Henley","Western Albemarle",110,52,"Excellent",1
"3021",1965,1140,"No Central Air",3,1,0,0.49,222600,"Cale","Burley","Monticello",113.02,54,"Excellent",0
"3022",1995,6963,"Central Air",4,5,1,8.82,2746700,"Meriwether Lewis","Henley","Western Albemarle",110,24,"Excellent",1
"3023",1885,1744,"Central Air",3,2,0,4.16,333000,"Stone-Robinson","Walton","Monticello",113.01,134,"Excellent",1
"3024",1988,1638,"Central Air",4,3,0,3.815,257900,"Baker-Butler","Sutherland","Albemarle",102.01,31,"Excellent",0
"3025",1955,1659,"Central Air",2,2,0,0.523,286300,"Greer","Jouett","Albemarle",108,64,"Excellent",0
